Language,Program,Powercap,Package,Core,GPU,DRAM,Timestamp,Temperature
Haskell,ack_ot_np_hs_41,-1,0.891052246093750000, 0.662658691406250000, 0.000854492187500000, 0.000000000000000000,0,34.25
Haskell,ack_ot_np_hs_41,-1,1.084045410156250000, 0.859741210937500000, 0.003540039062500000, 0.000000000000000000,50,34.25
Haskell,ack_ot_np_hs_41,-1,1.082885742187500000, 0.862792968750000000, 0.002319335937500000, 0.000000000000000000,100,34.25
Haskell,ack_ot_np_hs_41,-1,1.092956542968750000, 0.851684570312500000, 0.001586914062500000, 0.000000000000000000,150,34.25
Haskell,ack_ot_np_hs_41,-1,1.078674316406250000, 0.857421875000000000, 0.002136230468750000, 0.000000000000000000,200,34.25
Haskell,ack_ot_np_hs_41,-1,1.063232421875000000, 0.842407226562500000, 0.001281738281250000, 0.000000000000000000,250,34.25
Haskell,ack_ot_np_hs_41,-1,1.091979980468750000, 0.846496582031250000, 0.001647949218750000, 0.000000000000000000,300,34.25
Haskell,ack_ot_np_hs_41,-1,1.086791992187500000, 0.861511230468750000, 0.003479003906250000, 0.000000000000000000,350,34.25
Haskell,ack_ot_np_hs_41,-1,1.102111816406250000, 0.877441406250000000, 0.001708984375000000, 0.000000000000000000,400,34.25
Haskell,ack_ot_np_hs_41,-1,1.070556640625000000, 0.848327636718750000, 0.002563476562500000, 0.000000000000000000,450,34.25
Haskell,ack_ot_np_hs_41,-1,1.073181152343750000, 0.855895996093750000, 0.001525878906250000, 0.000000000000000000,500,34.25
Haskell,ack_ot_np_hs_41,-1,1.056884765625000000, 0.841491699218750000, 0.000793457031250000, 0.000000000000000000,550,34.25
Haskell,ack_ot_np_hs_41,-1,1.039245605468750000, 0.822998046875000000, 0.001708984375000000, 0.000000000000000000,600,34.25
Haskell,ack_ot_np_hs_41,-1,1.053100585937500000, 0.836730957031250000, 0.002014160156250000, 0.000000000000000000,650,34.25
Haskell,ack_ot_np_hs_41,-1,1.078430175781250000, 0.853698730468750000, 0.004089355468750000, 0.000000000000000000,700,34.25
Haskell,ack_ot_np_hs_41,-1,1.073242187500000000, 0.852844238281250000, 0.002441406250000000, 0.000000000000000000,750,42.62
Haskell,ack_ot_np_hs_41,-1,1.043640136718750000, 0.826171875000000000, 0.001770019531250000, 0.000000000000000000,800,42.62
Haskell,ack_ot_np_hs_41,-1,1.051940917968750000, 0.833129882812500000, 0.001586914062500000, 0.000000000000000000,850,42.62
Haskell,ack_ot_np_hs_41,-1,1.056823730468750000, 0.838562011718750000, 0.001464843750000000, 0.000000000000000000,900,42.62
Haskell,ack_ot_np_hs_41,-1,1.081298828125000000, 0.856140136718750000, 0.001708984375000000, 0.000000000000000000,950,42.62
Haskell,ack_ot_np_hs_41,-1,1.081115722656250000, 0.855834960937500000, 0.000915527343750000, 0.000000000000000000,1000,42.62
Haskell,ack_ot_np_hs_41,-1,1.043945312500000000, 0.824218750000000000, 0.002014160156250000, 0.000000000000000000,1050,42.62
Haskell,ack_ot_np_hs_41,-1,1.063171386718750000, 0.840148925781250000, 0.001892089843750000, 0.000000000000000000,1100,42.62
Haskell,ack_ot_np_hs_41,-1,1.044006347656250000, 0.826721191406250000, 0.002258300781250000, 0.000000000000000000,1150,42.62
Haskell,ack_ot_np_hs_41,-1,1.031250000000000000, 0.816162109375000000, 0.001892089843750000, 0.000000000000000000,1200,42.62
Haskell,ack_ot_np_hs_41,-1,1.056701660156250000, 0.837951660156250000, 0.001647949218750000, 0.000000000000000000,1250,42.62
Haskell,ack_ot_np_hs_41,-1,1.045654296875000000, 0.825744628906250000, 0.001403808593750000, 0.000000000000000000,1300,42.62
Haskell,ack_ot_np_hs_41,-1,1.053588867187500000, 0.832031250000000000, 0.000854492187500000, 0.000000000000000000,1350,42.62
Haskell,ack_ot_np_hs_41,-1,1.083984375000000000, 0.860351562500000000, 0.001281738281250000, 0.000000000000000000,1400,42.62
Haskell,ack_ot_np_hs_41,-1,1.094970703125000000, 0.866149902343750000, 0.004272460937500000, 0.000000000000000000,1450,42.62
Haskell,ack_ot_np_hs_41,-1,1.059082031250000000, 0.837341308593750000, 0.004760742187500000, 0.000000000000000000,1500,42.62
Haskell,ack_ot_np_hs_41,-1,1.047973632812500000, 0.827697753906250000, 0.005554199218750000, 0.000000000000000000,1550,43.12
Haskell,ack_ot_np_hs_41,-1,1.035034179687500000, 0.818847656250000000, 0.002441406250000000, 0.000000000000000000,1600,43.12
Haskell,ack_ot_np_hs_41,-1,1.028930664062500000, 0.808959960937500000, 0.001464843750000000, 0.000000000000000000,1650,43.12
Haskell,ack_ot_np_hs_41,-1,1.070434570312500000, 0.848083496093750000, 0.001342773437500000, 0.000000000000000000,1700,43.12
Haskell,ack_ot_np_hs_41,-1,1.123168945312500000, 0.900268554687500000, 0.000793457031250000, 0.000000000000000000,1750,43.12
Haskell,ack_ot_np_hs_41,-1,1.050231933593750000, 0.833862304687500000, 0.001159667968750000, 0.000000000000000000,1800,43.12
Haskell,ack_ot_np_hs_41,-1,1.067382812500000000, 0.843383789062500000, 0.002319335937500000, 0.000000000000000000,1850,43.12
Haskell,ack_ot_np_hs_41,-1,1.081054687500000000, 0.858764648437500000, 0.004882812500000000, 0.000000000000000000,1900,43.12
Haskell,ack_ot_np_hs_41,-1,1.022216796875000000, 0.806945800781250000, 0.000854492187500000, 0.000000000000000000,1950,43.12
Haskell,ack_ot_np_hs_41,-1,1.049804687500000000, 0.835937500000000000, 0.001342773437500000, 0.000000000000000000,2000,43.12
Haskell,ack_ot_np_hs_41,-1,1.045776367187500000, 0.830200195312500000, 0.001770019531250000, 0.000000000000000000,2050,43.12
Haskell,ack_ot_np_hs_41,-1,1.067016601562500000, 0.847656250000000000, 0.001159667968750000, 0.000000000000000000,2100,43.12
Haskell,ack_ot_np_hs_41,-1,1.081848144531250000, 0.855834960937500000, 0.001953125000000000, 0.000000000000000000,2150,43.12
Haskell,ack_ot_np_hs_41,-1,1.045104980468750000, 0.828918457031250000, 0.001647949218750000, 0.000000000000000000,2200,43.12
Haskell,ack_ot_np_hs_41,-1,1.061645507812500000, 0.843994140625000000, 0.000915527343750000, 0.000000000000000000,2250,43.12
Haskell,ack_ot_np_hs_41,-1,1.066650390625000000, 0.844848632812500000, 0.002014160156250000, 0.000000000000000000,2300,43.12
Haskell,ack_ot_np_hs_41,-1,1.052001953125000000, 0.832641601562500000, 0.001953125000000000, 0.000000000000000000,2350,43.88
Haskell,ack_ot_np_hs_41,-1,1.068237304687500000, 0.845214843750000000, 0.002197265625000000, 0.000000000000000000,2400,43.88
Haskell,ack_ot_np_hs_41,-1,1.043884277343750000, 0.827758789062500000, 0.001281738281250000, 0.000000000000000000,2450,43.88
Haskell,ack_ot_np_hs_41,-1,1.095336914062500000, 0.869018554687500000, 0.001953125000000000, 0.000000000000000000,2500,43.88
Haskell,ack_ot_np_hs_41,-1,1.060668945312500000, 0.841979980468750000, 0.001281738281250000, 0.000000000000000000,2550,43.88
Haskell,ack_ot_np_hs_41,-1,1.073425292968750000, 0.850158691406250000, 0.001953125000000000, 0.000000000000000000,2600,43.88
Haskell,ack_ot_np_hs_41,-1,1.081359863281250000, 0.859985351562500000, 0.001831054687500000, 0.000000000000000000,2650,43.88
Haskell,ack_ot_np_hs_41,-1,1.050781250000000000, 0.833068847656250000, 0.000671386718750000, 0.000000000000000000,2700,43.88
Haskell,ack_ot_np_hs_41,-1,1.067749023437500000, 0.847229003906250000, 0.001708984375000000, 0.000000000000000000,2750,43.88
Haskell,ack_ot_np_hs_41,-1,1.054870605468750000, 0.837768554687500000, 0.000976562500000000, 0.000000000000000000,2800,43.88
Haskell,ack_ot_np_hs_41,-1,1.058288574218750000, 0.838195800781250000, 0.001037597656250000, 0.000000000000000000,2850,43.88
Haskell,ack_ot_np_hs_41,-1,1.046691894531250000, 0.829895019531250000, 0.001098632812500000, 0.000000000000000000,2900,43.88
Haskell,ack_ot_np_hs_41,-1,1.053161621093750000, 0.833618164062500000, 0.000793457031250000, 0.000000000000000000,2950,43.88
Haskell,ack_ot_np_hs_41,-1,1.060363769531250000, 0.834411621093750000, 0.004455566406250000, 0.000000000000000000,3000,43.88
Haskell,ack_ot_np_hs_41,-1,1.059570312500000000, 0.836730957031250000, 0.005249023437500000, 0.000000000000000000,3050,43.88
Haskell,ack_ot_np_hs_41,-1,1.078613281250000000, 0.851318359375000000, 0.004455566406250000, 0.000000000000000000,3100,43.88
Haskell,ack_ot_np_hs_41,-1,1.078979492187500000, 0.854431152343750000, 0.001831054687500000, 0.000000000000000000,3150,43.75
Haskell,ack_ot_np_hs_41,-1,1.067504882812500000, 0.844055175781250000, 0.002563476562500000, 0.000000000000000000,3200,43.75
Haskell,ack_ot_np_hs_41,-1,1.065490722656250000, 0.844360351562500000, 0.001037597656250000, 0.000000000000000000,3250,43.75
Haskell,ack_ot_np_hs_41,-1,1.051269531250000000, 0.823974609375000000, 0.008361816406250000, 0.000000000000000000,3300,43.75
Haskell,ack_ot_np_hs_41,-1,1.051818847656250000, 0.842529296875000000, 0.002380371093750000, 0.000000000000000000,3350,43.75
Haskell,ack_ot_np_hs_41,-1,1.074462890625000000, 0.852661132812500000, 0.002014160156250000, 0.000000000000000000,3400,43.75
Haskell,ack_ot_np_hs_41,-1,1.049072265625000000, 0.831542968750000000, 0.002197265625000000, 0.000000000000000000,3450,43.75
Haskell,ack_ot_np_hs_41,-1,1.037902832031250000, 0.822448730468750000, 0.000854492187500000, 0.000000000000000000,3500,43.75
Haskell,ack_ot_np_hs_41,-1,1.065368652343750000, 0.848327636718750000, 0.000488281250000000, 0.000000000000000000,3550,43.75
Haskell,ack_ot_np_hs_41,-1,1.062744140625000000, 0.843261718750000000, 0.000915527343750000, 0.000000000000000000,3600,43.75
Haskell,ack_ot_np_hs_41,-1,1.042236328125000000, 0.829528808593750000, 0.001770019531250000, 0.000000000000000000,3650,43.75
Haskell,ack_ot_np_hs_41,-1,1.032043457031250000, 0.814086914062500000, 0.001770019531250000, 0.000000000000000000,3700,43.75
Haskell,ack_ot_np_hs_41,-1,1.055114746093750000, 0.851379394531250000, 0.000976562500000000, 0.000000000000000000,3750,43.75
Haskell,ack_ot_np_hs_41,-1,1.039367675781250000, 0.824279785156250000, 0.001770019531250000, 0.000000000000000000,3800,43.75
Haskell,ack_ot_np_hs_41,-1,1.064208984375000000, 0.846496582031250000, 0.001220703125000000, 0.000000000000000000,3850,43.75
Haskell,ack_ot_np_hs_41,-1,1.067565917968750000, 0.845947265625000000, 0.002319335937500000, 0.000000000000000000,3900,43.75
Haskell,ack_ot_np_hs_41,-1,1.069396972656250000, 0.850036621093750000, 0.000793457031250000, 0.000000000000000000,3950,43.38
Haskell,ack_ot_np_hs_41,-1,1.068176269531250000, 0.848266601562500000, 0.001098632812500000, 0.000000000000000000,4000,43.38
Haskell,ack_ot_np_hs_41,-1,1.051818847656250000, 0.835083007812500000, 0.001586914062500000, 0.000000000000000000,4050,43.38
Haskell,ack_ot_np_hs_41,-1,1.089721679687500000, 0.861328125000000000, 0.002258300781250000, 0.000000000000000000,4100,43.38
Haskell,ack_ot_np_hs_41,-1,1.043518066406250000, 0.826538085937500000, 0.002075195312500000, 0.000000000000000000,4150,43.38
Haskell,ack_ot_np_hs_41,-1,1.046142578125000000, 0.825988769531250000, 0.001831054687500000, 0.000000000000000000,4200,43.38
Haskell,ack_ot_np_hs_41,-1,1.076965332031250000, 0.855041503906250000, 0.000854492187500000, 0.000000000000000000,4250,43.38
Haskell,ack_ot_np_hs_41,-1,1.049499511718750000, 0.831787109375000000, 0.002319335937500000, 0.000000000000000000,4300,43.38
Haskell,ack_ot_np_hs_41,-1,1.045288085937500000, 0.822570800781250000, 0.001281738281250000, 0.000000000000000000,4350,43.38
Haskell,ack_ot_np_hs_41,-1,1.057983398437500000, 0.839965820312500000, 0.001525878906250000, 0.000000000000000000,4400,43.38
Haskell,ack_ot_np_hs_41,-1,1.071533203125000000, 0.850402832031250000, 0.001281738281250000, 0.000000000000000000,4450,43.38
Haskell,ack_ot_np_hs_41,-1,1.058593750000000000, 0.840393066406250000, 0.000915527343750000, 0.000000000000000000,4500,43.38
Haskell,ack_ot_np_hs_41,-1,1.056701660156250000, 0.831848144531250000, 0.002197265625000000, 0.000000000000000000,4550,43.38
Haskell,ack_ot_np_hs_41,-1,1.057312011718750000, 0.837402343750000000, 0.001037597656250000, 0.000000000000000000,4600,43.38
Haskell,ack_ot_np_hs_41,-1,1.054626464843750000, 0.835571289062500000, 0.000732421875000000, 0.000000000000000000,4650,43.38
Haskell,ack_ot_np_hs_41,-1,1.084167480468750000, 0.859741210937500000, 0.002075195312500000, 0.000000000000000000,4700,43.38
Haskell,ack_ot_np_hs_41,-1,1.053955078125000000, 0.834533691406250000, 0.001037597656250000, 0.000000000000000000,4750,44.00
Haskell,ack_ot_np_hs_41,-1,1.079833984375000000, 0.854187011718750000, 0.001281738281250000, 0.000000000000000000,4800,44.00
Haskell,ack_ot_np_hs_41,-1,1.063476562500000000, 0.838439941406250000, 0.005126953125000000, 0.000000000000000000,4850,44.00
Haskell,ack_ot_np_hs_41,-1,1.051025390625000000, 0.826660156250000000, 0.004272460937500000, 0.000000000000000000,4900,44.00
Haskell,ack_ot_np_hs_41,-1,1.049926757812500000, 0.828430175781250000, 0.004943847656250000, 0.000000000000000000,4950,44.00
Haskell,ack_ot_np_hs_41,-1,1.063354492187500000, 0.843872070312500000, 0.000915527343750000, 0.000000000000000000,5000,44.00
Haskell,ack_ot_np_hs_41,-1,1.051818847656250000, 0.833435058593750000, 0.002441406250000000, 0.000000000000000000,5050,44.00
Haskell,ack_ot_np_hs_41,-1,1.071044921875000000, 0.849121093750000000, 0.001220703125000000, 0.000000000000000000,5100,44.00
Haskell,ack_ot_np_hs_41,-1,1.076232910156250000, 0.855712890625000000, 0.000793457031250000, 0.000000000000000000,5150,44.00
Haskell,ack_ot_np_hs_41,-1,1.055603027343750000, 0.834045410156250000, 0.000793457031250000, 0.000000000000000000,5200,44.00
Haskell,ack_ot_np_hs_41,-1,1.038024902343750000, 0.822143554687500000, 0.001403808593750000, 0.000000000000000000,5250,44.00
Haskell,ack_ot_np_hs_41,-1,1.055236816406250000, 0.836486816406250000, 0.002136230468750000, 0.000000000000000000,5300,44.00
Haskell,ack_ot_np_hs_41,-1,1.079040527343750000, 0.854064941406250000, 0.001525878906250000, 0.000000000000000000,5350,44.00
Haskell,ack_ot_np_hs_41,-1,1.071960449218750000, 0.849609375000000000, 0.000976562500000000, 0.000000000000000000,5400,44.00
Haskell,ack_ot_np_hs_41,-1,1.100402832031250000, 0.870422363281250000, 0.001647949218750000, 0.000000000000000000,5450,44.00
Haskell,ack_ot_np_hs_41,-1,1.071594238281250000, 0.848022460937500000, 0.001586914062500000, 0.000000000000000000,5500,43.62
Haskell,ack_ot_np_hs_41,-1,1.053527832031250000, 0.831359863281250000, 0.000671386718750000, 0.000000000000000000,5550,43.62
Haskell,ack_ot_np_hs_41,-1,1.048156738281250000, 0.828735351562500000, 0.001708984375000000, 0.000000000000000000,5600,43.62
Haskell,ack_ot_np_hs_41,-1,1.055114746093750000, 0.835754394531250000, 0.001525878906250000, 0.000000000000000000,5650,43.62
Haskell,ack_ot_np_hs_41,-1,1.056579589843750000, 0.834655761718750000, 0.000610351562500000, 0.000000000000000000,5700,43.62
Haskell,ack_ot_np_hs_41,-1,1.063049316406250000, 0.838317871093750000, 0.004150390625000000, 0.000000000000000000,5750,43.62
Haskell,ack_ot_np_hs_41,-1,1.054626464843750000, 0.833251953125000000, 0.003845214843750000, 0.000000000000000000,5800,43.62
Haskell,ack_ot_np_hs_41,-1,1.069580078125000000, 0.846191406250000000, 0.004821777343750000, 0.000000000000000000,5850,43.62
Haskell,ack_ot_np_hs_41,-1,1.078369140625000000, 0.853271484375000000, 0.000793457031250000, 0.000000000000000000,5900,43.62
Haskell,ack_ot_np_hs_41,-1,1.042785644531250000, 0.827514648437500000, 0.001403808593750000, 0.000000000000000000,5950,43.62
Haskell,ack_ot_np_hs_41,-1,1.075988769531250000, 0.849914550781250000, 0.000915527343750000, 0.000000000000000000,6000,43.62
Haskell,ack_ot_np_hs_41,-1,1.067626953125000000, 0.846374511718750000, 0.000915527343750000, 0.000000000000000000,6050,43.62
Haskell,ack_ot_np_hs_41,-1,1.066406250000000000, 0.846862792968750000, 0.001892089843750000, 0.000000000000000000,6100,43.62
Haskell,ack_ot_np_hs_41,-1,1.073730468750000000, 0.851074218750000000, 0.002075195312500000, 0.000000000000000000,6150,43.62
Haskell,ack_ot_np_hs_41,-1,1.050231933593750000, 0.825561523437500000, 0.002136230468750000, 0.000000000000000000,6200,43.62
Haskell,ack_ot_np_hs_41,-1,1.081054687500000000, 0.857604980468750000, 0.002075195312500000, 0.000000000000000000,6250,43.62
Haskell,ack_ot_np_hs_41,-1,1.097473144531250000, 0.867553710937500000, 0.001953125000000000, 0.000000000000000000,6300,44.50
Haskell,ack_ot_np_hs_41,-1,1.058654785156250000, 0.840270996093750000, 0.001770019531250000, 0.000000000000000000,6350,44.50
Haskell,ack_ot_np_hs_41,-1,1.074890136718750000, 0.847412109375000000, 0.001342773437500000, 0.000000000000000000,6400,44.50
Haskell,ack_ot_np_hs_41,-1,1.053344726562500000, 0.851501464843750000, 0.001525878906250000, 0.000000000000000000,6450,44.50
Haskell,ack_ot_np_hs_41,-1,1.036437988281250000, 0.822265625000000000, 0.001403808593750000, 0.000000000000000000,6500,44.50
Haskell,ack_ot_np_hs_41,-1,1.071350097656250000, 0.851440429687500000, 0.000854492187500000, 0.000000000000000000,6550,44.50
Haskell,ack_ot_np_hs_41,-1,1.057128906250000000, 0.836425781250000000, 0.000671386718750000, 0.000000000000000000,6600,44.50
Haskell,ack_ot_np_hs_41,-1,1.059997558593750000, 0.842773437500000000, 0.000854492187500000, 0.000000000000000000,6650,44.50
Haskell,ack_ot_np_hs_41,-1,1.049438476562500000, 0.830932617187500000, 0.001708984375000000, 0.000000000000000000,6700,44.50
Haskell,ack_ot_np_hs_41,-1,1.047058105468750000, 0.830505371093750000, 0.000915527343750000, 0.000000000000000000,6750,44.50
Haskell,ack_ot_np_hs_41,-1,1.050109863281250000, 0.833801269531250000, 0.002258300781250000, 0.000000000000000000,6800,44.50
Haskell,ack_ot_np_hs_41,-1,1.048583984375000000, 0.831298828125000000, 0.002258300781250000, 0.000000000000000000,6850,44.50
Haskell,ack_ot_np_hs_41,-1,1.072387695312500000, 0.853027343750000000, 0.002441406250000000, 0.000000000000000000,6900,44.50
Haskell,ack_ot_np_hs_41,-1,1.084960937500000000, 0.860534667968750000, 0.000854492187500000, 0.000000000000000000,6950,44.50
Haskell,ack_ot_np_hs_41,-1,1.064575195312500000, 0.842712402343750000, 0.002319335937500000, 0.000000000000000000,7000,44.50
Haskell,ack_ot_np_hs_41,-1,1.075256347656250000, 0.855224609375000000, 0.002075195312500000, 0.000000000000000000,7050,44.50
Haskell,ack_ot_np_hs_41,-1,1.054138183593750000, 0.837341308593750000, 0.001037597656250000, 0.000000000000000000,7100,44.12
Haskell,ack_ot_np_hs_41,-1,1.068542480468750000, 0.849365234375000000, 0.001159667968750000, 0.000000000000000000,7150,44.12
Haskell,ack_ot_np_hs_41,-1,1.067382812500000000, 0.854553222656250000, 0.001647949218750000, 0.000000000000000000,7200,44.12
Haskell,ack_ot_np_hs_41,-1,1.063293457031250000, 0.841613769531250000, 0.001281738281250000, 0.000000000000000000,7250,44.12
Haskell,ack_ot_np_hs_41,-1,1.070556640625000000, 0.847778320312500000, 0.004760742187500000, 0.000000000000000000,7300,44.12
Haskell,ack_ot_np_hs_41,-1,1.070190429687500000, 0.842346191406250000, 0.004516601562500000, 0.000000000000000000,7350,44.12
Haskell,ack_ot_np_hs_41,-1,1.056579589843750000, 0.834594726562500000, 0.005249023437500000, 0.000000000000000000,7400,44.12
Haskell,ack_ot_np_hs_41,-1,1.075500488281250000, 0.851928710937500000, 0.001831054687500000, 0.000000000000000000,7450,44.12
Haskell,ack_ot_np_hs_41,-1,1.071899414062500000, 0.846801757812500000, 0.001586914062500000, 0.000000000000000000,7500,44.12
Haskell,ack_ot_np_hs_41,-1,1.052490234375000000, 0.846557617187500000, 0.001342773437500000, 0.000000000000000000,7550,44.12
Haskell,ack_ot_np_hs_41,-1,1.046936035156250000, 0.828430175781250000, 0.000854492187500000, 0.000000000000000000,7600,44.12
Haskell,ack_ot_np_hs_41,-1,1.080078125000000000, 0.856933593750000000, 0.002014160156250000, 0.000000000000000000,7650,44.12
Haskell,ack_ot_np_hs_41,-1,1.075927734375000000, 0.856384277343750000, 0.000915527343750000, 0.000000000000000000,7700,44.12
Haskell,ack_ot_np_hs_41,-1,1.090698242187500000, 0.867980957031250000, 0.001281738281250000, 0.000000000000000000,7750,44.12
Haskell,ack_ot_np_hs_41,-1,1.090209960937500000, 0.868652343750000000, 0.001464843750000000, 0.000000000000000000,7800,44.12
Haskell,ack_ot_np_hs_41,-1,1.071105957031250000, 0.854858398437500000, 0.002136230468750000, 0.000000000000000000,7850,44.12
Haskell,ack_ot_np_hs_41,-1,1.088195800781250000, 0.869201660156250000, 0.001037597656250000, 0.000000000000000000,7900,44.62
Haskell,ack_ot_np_hs_41,-1,1.071228027343750000, 0.851745605468750000, 0.001098632812500000, 0.000000000000000000,7950,44.62
Haskell,ack_ot_np_hs_41,-1,1.064636230468750000, 0.848022460937500000, 0.000793457031250000, 0.000000000000000000,8000,44.62
Haskell,ack_ot_np_hs_41,-1,1.073669433593750000, 0.852478027343750000, 0.001037597656250000, 0.000000000000000000,8050,44.62
Haskell,ack_ot_np_hs_41,-1,1.063720703125000000, 0.845092773437500000, 0.001770019531250000, 0.000000000000000000,8100,44.62
Haskell,ack_ot_np_hs_41,-1,1.078674316406250000, 0.858703613281250000, 0.001342773437500000, 0.000000000000000000,8150,44.62
Haskell,ack_ot_np_hs_41,-1,1.080383300781250000, 0.852722167968750000, 0.004089355468750000, 0.000000000000000000,8200,44.62
Haskell,ack_ot_np_hs_41,-1,1.059631347656250000, 0.839111328125000000, 0.004028320312500000, 0.000000000000000000,8250,44.62
Haskell,ack_ot_np_hs_41,-1,1.088195800781250000, 0.861206054687500000, 0.005798339843750000, 0.000000000000000000,8300,44.62
Haskell,ack_ot_np_hs_41,-1,1.068481445312500000, 0.849426269531250000, 0.001586914062500000, 0.000000000000000000,8350,44.62
Haskell,ack_ot_np_hs_41,-1,1.073669433593750000, 0.852539062500000000, 0.002075195312500000, 0.000000000000000000,8400,44.62
Haskell,ack_ot_np_hs_41,-1,1.072814941406250000, 0.850830078125000000, 0.002075195312500000, 0.000000000000000000,8450,44.62
Haskell,ack_ot_np_hs_41,-1,1.072753906250000000, 0.851989746093750000, 0.001281738281250000, 0.000000000000000000,8500,44.62
Haskell,ack_ot_np_hs_41,-1,1.061401367187500000, 0.844787597656250000, 0.002502441406250000, 0.000000000000000000,8550,44.62
Haskell,ack_ot_np_hs_41,-1,1.062561035156250000, 0.843078613281250000, 0.002624511718750000, 0.000000000000000000,8600,44.62
Haskell,ack_ot_np_hs_41,-1,1.056884765625000000, 0.841247558593750000, 0.001708984375000000, 0.000000000000000000,8650,44.62
Haskell,ack_ot_np_hs_41,-1,1.069458007812500000, 0.845886230468750000, 0.003723144531250000, 0.000000000000000000,8700,42.62
Haskell,ack_ot_np_hs_41,-1,1.069274902343750000, 0.825927734375000000, 0.001586914062500000, 0.000000000000000000,8750,42.62
Haskell,ack_ot_np_hs_41,-1,1.043640136718750000, 0.824462890625000000, 0.001586914062500000, 0.000000000000000000,8800,42.62
Haskell,ack_ot_np_hs_41,-1,1.057067871093750000, 0.841064453125000000, 0.001037597656250000, 0.000000000000000000,8850,42.62
Haskell,ack_ot_np_hs_41,-1,1.055236816406250000, 0.837158203125000000, 0.002197265625000000, 0.000000000000000000,8900,42.62
Haskell,ack_ot_np_hs_41,-1,1.076171875000000000, 0.852478027343750000, 0.002624511718750000, 0.000000000000000000,8950,42.62
Haskell,ack_ot_np_hs_41,-1,1.082580566406250000, 0.857116699218750000, 0.002014160156250000, 0.000000000000000000,9000,42.62
Haskell,ack_ot_np_hs_41,-1,1.075256347656250000, 0.855712890625000000, 0.000976562500000000, 0.000000000000000000,9050,42.62
Haskell,ack_ot_np_hs_41,-1,1.058776855468750000, 0.838928222656250000, 0.000976562500000000, 0.000000000000000000,9100,42.62
Haskell,ack_ot_np_hs_41,-1,1.075378417968750000, 0.850952148437500000, 0.002807617187500000, 0.000000000000000000,9150,42.62
Haskell,ack_ot_np_hs_41,-1,1.083984375000000000, 0.856445312500000000, 0.001770019531250000, 0.000000000000000000,9200,42.62
Haskell,ack_ot_np_hs_41,-1,1.062927246093750000, 0.856262207031250000, 0.002441406250000000, 0.000000000000000000,9250,42.62
Haskell,ack_ot_np_hs_41,-1,1.053222656250000000, 0.834716796875000000, 0.000915527343750000, 0.000000000000000000,9300,42.62
Haskell,ack_ot_np_hs_41,-1,1.061828613281250000, 0.843383789062500000, 0.001708984375000000, 0.000000000000000000,9350,42.62
Haskell,ack_ot_np_hs_41,-1,1.076721191406250000, 0.855651855468750000, 0.000732421875000000, 0.000000000000000000,9400,42.62
Haskell,ack_ot_np_hs_41,-1,1.053283691406250000, 0.835876464843750000, 0.002014160156250000, 0.000000000000000000,9450,42.62
Haskell,ack_ot_np_hs_41,-1,1.095153808593750000, 0.866821289062500000, 0.001953125000000000, 0.000000000000000000,9500,44.75
Haskell,ack_ot_np_hs_41,-1,1.082336425781250000, 0.859619140625000000, 0.001953125000000000, 0.000000000000000000,9550,44.75
Haskell,ack_ot_np_hs_41,-1,1.103271484375000000, 0.875061035156250000, 0.002502441406250000, 0.000000000000000000,9600,44.75
Haskell,ack_ot_np_hs_41,-1,1.054382324218750000, 0.829589843750000000, 0.004577636718750000, 0.000000000000000000,9650,44.75
Haskell,ack_ot_np_hs_41,-1,1.095275878906250000, 0.867126464843750000, 0.003356933593750000, 0.000000000000000000,9700,44.75
Haskell,ack_ot_np_hs_41,-1,1.093139648437500000, 0.864501953125000000, 0.005004882812500000, 0.000000000000000000,9750,44.75
Haskell,ack_ot_np_hs_41,-1,1.057861328125000000, 0.839172363281250000, 0.002014160156250000, 0.000000000000000000,9800,44.75
Haskell,ack_ot_np_hs_41,-1,1.054687500000000000, 0.835266113281250000, 0.001037597656250000, 0.000000000000000000,9850,44.75
Haskell,ack_ot_np_hs_41,-1,1.081665039062500000, 0.857482910156250000, 0.000915527343750000, 0.000000000000000000,9900,44.75
Haskell,ack_ot_np_hs_41,-1,1.061157226562500000, 0.841857910156250000, 0.001037597656250000, 0.000000000000000000,9950,44.75
Haskell,ack_ot_np_hs_41,-1,1.094116210937500000, 0.867309570312500000, 0.001037597656250000, 0.000000000000000000,10000,44.75
Haskell,ack_ot_np_hs_41,-1,1.079284667968750000, 0.857360839843750000, 0.001525878906250000, 0.000000000000000000,10050,44.75
Haskell,ack_ot_np_hs_41,-1,1.032836914062500000, 0.816162109375000000, 0.000854492187500000, 0.000000000000000000,10100,44.75
Haskell,ack_ot_np_hs_41,-1,1.048828125000000000, 0.833129882812500000, 0.000854492187500000, 0.000000000000000000,10150,44.75
Haskell,ack_ot_np_hs_41,-1,1.068481445312500000, 0.845642089843750000, 0.002075195312500000, 0.000000000000000000,10200,44.75
Haskell,ack_ot_np_hs_41,-1,1.068359375000000000, 0.846862792968750000, 0.001281738281250000, 0.000000000000000000,10250,44.62
Haskell,ack_ot_np_hs_41,-1,1.074401855468750000, 0.851684570312500000, 0.001098632812500000, 0.000000000000000000,10300,44.62
Haskell,ack_ot_np_hs_41,-1,1.060913085937500000, 0.844238281250000000, 0.001098632812500000, 0.000000000000000000,10350,44.62
Haskell,ack_ot_np_hs_41,-1,1.054077148437500000, 0.833618164062500000, 0.002075195312500000, 0.000000000000000000,10400,44.62
Haskell,ack_ot_np_hs_41,-1,1.080810546875000000, 0.855346679687500000, 0.001647949218750000, 0.000000000000000000,10450,44.62
Haskell,ack_ot_np_hs_41,-1,1.065368652343750000, 0.843200683593750000, 0.002197265625000000, 0.000000000000000000,10500,44.62
Haskell,ack_ot_np_hs_41,-1,1.052673339843750000, 0.834533691406250000, 0.001892089843750000, 0.000000000000000000,10550,44.62
Haskell,ack_ot_np_hs_41,-1,1.055175781250000000, 0.836120605468750000, 0.000915527343750000, 0.000000000000000000,10600,44.62
Haskell,ack_ot_np_hs_41,-1,1.053405761718750000, 0.833374023437500000, 0.000793457031250000, 0.000000000000000000,10650,44.62
Haskell,ack_ot_np_hs_41,-1,1.059692382812500000, 0.839538574218750000, 0.001403808593750000, 0.000000000000000000,10700,44.62
Haskell,ack_ot_np_hs_41,-1,1.060913085937500000, 0.834655761718750000, 0.005065917968750000, 0.000000000000000000,10750,44.62
Haskell,ack_ot_np_hs_41,-1,1.074462890625000000, 0.849121093750000000, 0.004516601562500000, 0.000000000000000000,10800,44.62
Haskell,ack_ot_np_hs_41,-1,1.062255859375000000, 0.838745117187500000, 0.004333496093750000, 0.000000000000000000,10850,44.62
Haskell,ack_ot_np_hs_41,-1,1.057800292968750000, 0.839843750000000000, 0.002136230468750000, 0.000000000000000000,10900,44.62
Haskell,ack_ot_np_hs_41,-1,1.101257324218750000, 0.872924804687500000, 0.001708984375000000, 0.000000000000000000,10950,44.62
Haskell,ack_ot_np_hs_41,-1,1.085937500000000000, 0.862792968750000000, 0.001770019531250000, 0.000000000000000000,11000,44.62
Haskell,ack_ot_np_hs_41,-1,1.083129882812500000, 0.858520507812500000, 0.000915527343750000, 0.000000000000000000,11050,44.75
Haskell,ack_ot_np_hs_41,-1,1.063049316406250000, 0.845336914062500000, 0.002075195312500000, 0.000000000000000000,11100,44.75
Haskell,ack_ot_np_hs_41,-1,1.069763183593750000, 0.845092773437500000, 0.001098632812500000, 0.000000000000000000,11150,44.75
Haskell,ack_ot_np_hs_41,-1,1.064086914062500000, 0.843383789062500000, 0.001159667968750000, 0.000000000000000000,11200,44.75
Haskell,ack_ot_np_hs_41,-1,1.090637207031250000, 0.864990234375000000, 0.001098632812500000, 0.000000000000000000,11250,44.75
Haskell,ack_ot_np_hs_41,-1,1.067749023437500000, 0.844543457031250000, 0.000915527343750000, 0.000000000000000000,11300,44.75
Haskell,ack_ot_np_hs_41,-1,1.053649902343750000, 0.836364746093750000, 0.000793457031250000, 0.000000000000000000,11350,44.75
Haskell,ack_ot_np_hs_41,-1,1.076721191406250000, 0.853637695312500000, 0.002014160156250000, 0.000000000000000000,11400,44.75
Haskell,ack_ot_np_hs_41,-1,1.049743652343750000, 0.832885742187500000, 0.001098632812500000, 0.000000000000000000,11450,44.75
Haskell,ack_ot_np_hs_41,-1,1.063964843750000000, 0.843933105468750000, 0.001342773437500000, 0.000000000000000000,11500,44.75
Haskell,ack_ot_np_hs_41,-1,1.074157714843750000, 0.852600097656250000, 0.001159667968750000, 0.000000000000000000,11550,44.75
Haskell,ack_ot_np_hs_41,-1,1.093933105468750000, 0.869445800781250000, 0.001647949218750000, 0.000000000000000000,11600,44.75
Haskell,ack_ot_np_hs_41,-1,1.087768554687500000, 0.861694335937500000, 0.000915527343750000, 0.000000000000000000,11650,44.75
Haskell,ack_ot_np_hs_41,-1,1.092407226562500000, 0.863891601562500000, 0.001953125000000000, 0.000000000000000000,11700,44.75
Haskell,ack_ot_np_hs_41,-1,1.064819335937500000, 0.845764160156250000, 0.001525878906250000, 0.000000000000000000,11750,44.75
Haskell,ack_ot_np_hs_41,-1,1.072570800781250000, 0.850463867187500000, 0.001953125000000000, 0.000000000000000000,11800,44.75
Haskell,ack_ot_np_hs_41,-1,1.074890136718750000, 0.848327636718750000, 0.002685546875000000, 0.000000000000000000,11850,45.00
Haskell,ack_ot_np_hs_41,-1,1.063110351562500000, 0.841674804687500000, 0.000915527343750000, 0.000000000000000000,11900,45.00
Haskell,ack_ot_np_hs_41,-1,1.074829101562500000, 0.851318359375000000, 0.002563476562500000, 0.000000000000000000,11950,45.00
Haskell,ack_ot_np_hs_41,-1,1.077575683593750000, 0.852722167968750000, 0.001953125000000000, 0.000000000000000000,12000,45.00
Haskell,ack_ot_np_hs_41,-1,1.061950683593750000, 0.841064453125000000, 0.001159667968750000, 0.000000000000000000,12050,45.00
Haskell,ack_ot_np_hs_41,-1,1.058532714843750000, 0.837219238281250000, 0.001037597656250000, 0.000000000000000000,12100,45.00
Haskell,ack_ot_np_hs_41,-1,1.059082031250000000, 0.840637207031250000, 0.001953125000000000, 0.000000000000000000,12150,45.00
Haskell,ack_ot_np_hs_41,-1,1.055358886718750000, 0.834655761718750000, 0.000854492187500000, 0.000000000000000000,12200,45.00
Haskell,ack_ot_np_hs_41,-1,1.083007812500000000, 0.855895996093750000, 0.001525878906250000, 0.000000000000000000,12250,45.00
Haskell,ack_ot_np_hs_41,-1,1.076721191406250000, 0.851989746093750000, 0.001403808593750000, 0.000000000000000000,12300,45.00
Haskell,ack_ot_np_hs_41,-1,1.088867187500000000, 0.860107421875000000, 0.005432128906250000, 0.000000000000000000,12350,45.00
Haskell,ack_ot_np_hs_41,-1,1.081359863281250000, 0.858215332031250000, 0.001953125000000000, 0.000000000000000000,12400,45.00
Haskell,ack_ot_np_hs_41,-1,1.054626464843750000, 0.831298828125000000, 0.003051757812500000, 0.000000000000000000,12450,45.00
Haskell,ack_ot_np_hs_41,-1,1.062194824218750000, 0.840148925781250000, 0.001953125000000000, 0.000000000000000000,12500,45.00
Haskell,ack_ot_np_hs_41,-1,1.096740722656250000, 0.867797851562500000, 0.001831054687500000, 0.000000000000000000,12550,45.00
Haskell,ack_ot_np_hs_41,-1,1.052490234375000000, 0.832092285156250000, 0.000793457031250000, 0.000000000000000000,12600,45.00
Haskell,ack_ot_np_hs_41,-1,1.074707031250000000, 0.850708007812500000, 0.001831054687500000, 0.000000000000000000,12650,45.50
Haskell,ack_ot_np_hs_41,-1,1.078247070312500000, 0.857666015625000000, 0.000976562500000000, 0.000000000000000000,12700,45.50
Haskell,ack_ot_np_hs_41,-1,1.106201171875000000, 0.878967285156250000, 0.001647949218750000, 0.000000000000000000,12750,45.50
Haskell,ack_ot_np_hs_41,-1,1.051208496093750000, 0.833190917968750000, 0.001586914062500000, 0.000000000000000000,12800,45.50
Haskell,ack_ot_np_hs_41,-1,1.078063964843750000, 0.853393554687500000, 0.002136230468750000, 0.000000000000000000,12850,45.50
Haskell,ack_ot_np_hs_41,-1,1.089660644531250000, 0.862304687500000000, 0.003356933593750000, 0.000000000000000000,12900,45.50
Haskell,ack_ot_np_hs_41,-1,1.037963867187500000, 0.820129394531250000, 0.000854492187500000, 0.000000000000000000,12950,45.50
Haskell,ack_ot_np_hs_41,-1,1.080139160156250000, 0.855163574218750000, 0.001220703125000000, 0.000000000000000000,13000,45.50
Haskell,ack_ot_np_hs_41,-1,1.057373046875000000, 0.837768554687500000, 0.000671386718750000, 0.000000000000000000,13050,45.50
Haskell,ack_ot_np_hs_41,-1,1.067626953125000000, 0.846496582031250000, 0.001831054687500000, 0.000000000000000000,13100,45.50
Haskell,ack_ot_np_hs_41,-1,1.070312500000000000, 0.846740722656250000, 0.001708984375000000, 0.000000000000000000,13150,45.50
Haskell,ack_ot_np_hs_41,-1,1.114990234375000000, 0.883911132812500000, 0.002258300781250000, 0.000000000000000000,13200,45.50
Haskell,ack_ot_np_hs_41,-1,1.063537597656250000, 0.841430664062500000, 0.002197265625000000, 0.000000000000000000,13250,45.50
Haskell,ack_ot_np_hs_41,-1,1.059020996093750000, 0.840637207031250000, 0.000915527343750000, 0.000000000000000000,13300,45.50
Haskell,ack_ot_np_hs_41,-1,1.068481445312500000, 0.845703125000000000, 0.001098632812500000, 0.000000000000000000,13350,45.50
Haskell,ack_ot_np_hs_41,-1,1.052185058593750000, 0.833435058593750000, 0.001647949218750000, 0.000000000000000000,13400,45.50
Haskell,ack_ot_np_hs_41,-1,1.080993652343750000, 0.856933593750000000, 0.002136230468750000, 0.000000000000000000,13450,45.25
Haskell,ack_ot_np_hs_41,-1,1.108703613281250000, 0.872924804687500000, 0.001525878906250000, 0.000000000000000000,13500,45.25
Haskell,ack_ot_np_hs_41,-1,1.078002929687500000, 0.854370117187500000, 0.000854492187500000, 0.000000000000000000,13550,45.25
Haskell,ack_ot_np_hs_41,-1,1.089904785156250000, 0.861328125000000000, 0.001831054687500000, 0.000000000000000000,13600,45.25
Haskell,ack_ot_np_hs_41,-1,1.102233886718750000, 0.874206542968750000, 0.003356933593750000, 0.000000000000000000,13650,45.25
Haskell,ack_ot_np_hs_41,-1,1.085449218750000000, 0.861328125000000000, 0.002014160156250000, 0.000000000000000000,13700,45.25
Haskell,ack_ot_np_hs_41,-1,1.084228515625000000, 0.859313964843750000, 0.003723144531250000, 0.000000000000000000,13750,45.25
Haskell,ack_ot_np_hs_41,-1,1.062744140625000000, 0.839965820312500000, 0.002502441406250000, 0.000000000000000000,13800,45.25
Haskell,ack_ot_np_hs_41,-1,1.100097656250000000, 0.872131347656250000, 0.003173828125000000, 0.000000000000000000,13850,45.25
Haskell,ack_ot_np_hs_41,-1,1.075805664062500000, 0.854858398437500000, 0.000915527343750000, 0.000000000000000000,13900,45.25
Haskell,ack_ot_np_hs_41,-1,1.096252441406250000, 0.840209960937500000, 0.002746582031250000, 0.000000000000000000,13950,45.25
Haskell,ack_ot_np_hs_41,-1,1.074890136718750000, 0.848815917968750000, 0.002197265625000000, 0.000000000000000000,14000,45.25
Haskell,ack_ot_np_hs_41,-1,1.065368652343750000, 0.845703125000000000, 0.001281738281250000, 0.000000000000000000,14050,45.25
Haskell,ack_ot_np_hs_41,-1,1.110778808593750000, 0.878723144531250000, 0.001892089843750000, 0.000000000000000000,14100,45.25
Haskell,ack_ot_np_hs_41,-1,1.071044921875000000, 0.865539550781250000, 0.002258300781250000, 0.000000000000000000,14150,45.25
Haskell,ack_ot_np_hs_41,-1,1.097106933593750000, 0.871154785156250000, 0.000915527343750000, 0.000000000000000000,14200,45.25
Haskell,ack_ot_np_hs_41,-1,1.093566894531250000, 0.863220214843750000, 0.004394531250000000, 0.000000000000000000,14250,46.00
Haskell,ack_ot_np_hs_41,-1,1.098022460937500000, 0.873474121093750000, 0.001098632812500000, 0.000000000000000000,14300,46.00
Haskell,ack_ot_np_hs_41,-1,1.081665039062500000, 0.855895996093750000, 0.001953125000000000, 0.000000000000000000,14350,46.00
Haskell,ack_ot_np_hs_41,-1,1.091430664062500000, 0.867492675781250000, 0.000854492187500000, 0.000000000000000000,14400,46.00
Haskell,ack_ot_np_hs_41,-1,1.049316406250000000, 0.828918457031250000, 0.001953125000000000, 0.000000000000000000,14450,46.00
Haskell,ack_ot_np_hs_41,-1,1.051635742187500000, 0.831787109375000000, 0.002014160156250000, 0.000000000000000000,14500,46.00
Haskell,ack_ot_np_hs_41,-1,1.097351074218750000, 0.865417480468750000, 0.002380371093750000, 0.000000000000000000,14550,46.00
Haskell,ack_ot_np_hs_41,-1,1.091735839843750000, 0.861999511718750000, 0.001586914062500000, 0.000000000000000000,14600,46.00
Haskell,ack_ot_np_hs_41,-1,1.084167480468750000, 0.856262207031250000, 0.000854492187500000, 0.000000000000000000,14650,46.00
Haskell,ack_ot_np_hs_41,-1,1.074462890625000000, 0.850769042968750000, 0.003906250000000000, 0.000000000000000000,14700,46.00
Haskell,ack_ot_np_hs_41,-1,1.077880859375000000, 0.851928710937500000, 0.001770019531250000, 0.000000000000000000,14750,46.00
Haskell,ack_ot_np_hs_41,-1,1.059753417968750000, 0.839477539062500000, 0.001464843750000000, 0.000000000000000000,14800,46.00
Haskell,ack_ot_np_hs_41,-1,1.083068847656250000, 0.857177734375000000, 0.001281738281250000, 0.000000000000000000,14850,46.00
Haskell,ack_ot_np_hs_41,-1,1.086730957031250000, 0.860473632812500000, 0.001586914062500000, 0.000000000000000000,14900,46.00
Haskell,ack_ot_np_hs_41,-1,1.061340332031250000, 0.840393066406250000, 0.002075195312500000, 0.000000000000000000,14950,46.00
Haskell,ack_ot_np_hs_41,-1,1.082397460937500000, 0.857299804687500000, 0.002502441406250000, 0.000000000000000000,15000,46.00
Haskell,ack_ot_np_hs_41,-1,1.094665527343750000, 0.866394042968750000, 0.001586914062500000, 0.000000000000000000,15050,46.00
Haskell,ack_ot_np_hs_41,-1,1.077392578125000000, 0.856811523437500000, 0.000732421875000000, 0.000000000000000000,15100,46.00
Haskell,ack_ot_np_hs_41,-1,1.062011718750000000, 0.840393066406250000, 0.000793457031250000, 0.000000000000000000,15150,46.00
Haskell,ack_ot_np_hs_41,-1,1.087768554687500000, 0.865173339843750000, 0.001953125000000000, 0.000000000000000000,15200,46.00
Haskell,ack_ot_np_hs_41,-1,1.058654785156250000, 0.837097167968750000, 0.003967285156250000, 0.000000000000000000,15250,46.00
Haskell,ack_ot_np_hs_41,-1,1.136169433593750000, 0.909606933593750000, 0.002319335937500000, 0.000000000000000000,15300,46.00
Haskell,ack_ot_np_hs_41,-1,1.065063476562500000, 0.842102050781250000, 0.002685546875000000, 0.000000000000000000,15350,46.00
Haskell,ack_ot_np_hs_41,-1,1.074768066406250000, 0.849304199218750000, 0.000793457031250000, 0.000000000000000000,15400,46.00
Haskell,ack_ot_np_hs_41,-1,1.089050292968750000, 0.864379882812500000, 0.001525878906250000, 0.000000000000000000,15450,46.00
Haskell,ack_ot_np_hs_41,-1,1.068908691406250000, 0.846191406250000000, 0.002258300781250000, 0.000000000000000000,15500,46.00
Haskell,ack_ot_np_hs_41,-1,1.084411621093750000, 0.858703613281250000, 0.000854492187500000, 0.000000000000000000,15550,46.00
Haskell,ack_ot_np_hs_41,-1,1.056213378906250000, 0.832214355468750000, 0.001525878906250000, 0.000000000000000000,15600,46.00
Haskell,ack_ot_np_hs_41,-1,1.059631347656250000, 0.832275390625000000, 0.002197265625000000, 0.000000000000000000,15650,46.00
Haskell,ack_ot_np_hs_41,-1,1.074462890625000000, 0.847595214843750000, 0.002197265625000000, 0.000000000000000000,15700,46.00
Haskell,ack_ot_np_hs_41,-1,1.055114746093750000, 0.831970214843750000, 0.002014160156250000, 0.000000000000000000,15750,46.00
Haskell,ack_ot_np_hs_41,-1,1.073364257812500000, 0.848510742187500000, 0.001403808593750000, 0.000000000000000000,15800,44.12
Haskell,ack_ot_np_hs_41,-1,1.055175781250000000, 0.836303710937500000, 0.000854492187500000, 0.000000000000000000,15850,44.12
Haskell,ack_ot_np_hs_41,-1,1.072937011718750000, 0.847045898437500000, 0.001770019531250000, 0.000000000000000000,15900,44.12
Haskell,ack_ot_np_hs_41,-1,1.061645507812500000, 0.840942382812500000, 0.001708984375000000, 0.000000000000000000,15950,44.12
Haskell,ack_ot_np_hs_41,-1,1.066406250000000000, 0.845458984375000000, 0.001708984375000000, 0.000000000000000000,16000,44.12
Haskell,ack_ot_np_hs_41,-1,1.095581054687500000, 0.865417480468750000, 0.001953125000000000, 0.000000000000000000,16050,44.12
Haskell,ack_ot_np_hs_41,-1,1.064941406250000000, 0.843933105468750000, 0.001586914062500000, 0.000000000000000000,16100,44.12
Haskell,ack_ot_np_hs_41,-1,1.070922851562500000, 0.846191406250000000, 0.000732421875000000, 0.000000000000000000,16150,44.12
Haskell,ack_ot_np_hs_41,-1,1.094238281250000000, 0.861633300781250000, 0.007995605468750000, 0.000000000000000000,16200,44.12
Haskell,ack_ot_np_hs_41,-1,1.076538085937500000, 0.848327636718750000, 0.005615234375000000, 0.000000000000000000,16250,44.12
Haskell,ack_ot_np_hs_41,-1,1.079711914062500000, 0.852416992187500000, 0.004882812500000000, 0.000000000000000000,16300,44.12
Haskell,ack_ot_np_hs_41,-1,1.092956542968750000, 0.866516113281250000, 0.003051757812500000, 0.000000000000000000,16350,44.12
Haskell,ack_ot_np_hs_41,-1,1.086730957031250000, 0.857177734375000000, 0.001098632812500000, 0.000000000000000000,16400,44.12
Haskell,ack_ot_np_hs_41,-1,1.071777343750000000, 0.846069335937500000, 0.002258300781250000, 0.000000000000000000,16450,44.12
Haskell,ack_ot_np_hs_41,-1,1.064025878906250000, 0.840332031250000000, 0.000854492187500000, 0.000000000000000000,16500,44.12
Haskell,ack_ot_np_hs_41,-1,1.092651367187500000, 0.866577148437500000, 0.002136230468750000, 0.000000000000000000,16550,46.12
Haskell,ack_ot_np_hs_41,-1,1.124572753906250000, 0.889831542968750000, 0.004150390625000000, 0.000000000000000000,16600,46.12
Haskell,ack_ot_np_hs_41,-1,1.082397460937500000, 0.854614257812500000, 0.002075195312500000, 0.000000000000000000,16650,46.12
Haskell,ack_ot_np_hs_41,-1,1.074768066406250000, 0.852844238281250000, 0.001220703125000000, 0.000000000000000000,16700,46.12
Haskell,ack_ot_np_hs_41,-1,1.079956054687500000, 0.856628417968750000, 0.001037597656250000, 0.000000000000000000,16750,46.12
Haskell,ack_ot_np_hs_41,-1,1.056152343750000000, 0.834350585937500000, 0.001892089843750000, 0.000000000000000000,16800,46.12
Haskell,ack_ot_np_hs_41,-1,1.098388671875000000, 0.871337890625000000, 0.002502441406250000, 0.000000000000000000,16850,46.12
Haskell,ack_ot_np_hs_41,-1,1.074218750000000000, 0.850830078125000000, 0.001403808593750000, 0.000000000000000000,16900,46.12
Haskell,ack_ot_np_hs_41,-1,1.078979492187500000, 0.857055664062500000, 0.001037597656250000, 0.000000000000000000,16950,46.12
Haskell,ack_ot_np_hs_41,-1,1.065979003906250000, 0.842041015625000000, 0.001892089843750000, 0.000000000000000000,17000,46.12
Haskell,ack_ot_np_hs_41,-1,1.060302734375000000, 0.837768554687500000, 0.001037597656250000, 0.000000000000000000,17050,46.12
Haskell,ack_ot_np_hs_41,-1,1.074829101562500000, 0.847961425781250000, 0.001220703125000000, 0.000000000000000000,17100,46.12
Haskell,ack_ot_np_hs_41,-1,1.111022949218750000, 0.877990722656250000, 0.000915527343750000, 0.000000000000000000,17150,46.12
Haskell,ack_ot_np_hs_41,-1,1.099975585937500000, 0.870178222656250000, 0.000732421875000000, 0.000000000000000000,17200,46.12
Haskell,ack_ot_np_hs_41,-1,1.115234375000000000, 0.885925292968750000, 0.000610351562500000, 0.000000000000000000,17250,46.12
Haskell,ack_ot_np_hs_41,-1,1.112854003906250000, 0.878723144531250000, 0.002685546875000000, 0.000000000000000000,17300,46.12
Haskell,ack_ot_np_hs_41,-1,1.082275390625000000, 0.855102539062500000, 0.001647949218750000, 0.000000000000000000,17350,45.38
Haskell,ack_ot_np_hs_41,-1,1.067626953125000000, 0.844848632812500000, 0.001342773437500000, 0.000000000000000000,17400,45.38
Haskell,ack_ot_np_hs_41,-1,1.115661621093750000, 0.879455566406250000, 0.002075195312500000, 0.000000000000000000,17450,45.38
Haskell,ack_ot_np_hs_41,-1,1.097229003906250000, 0.866455078125000000, 0.000854492187500000, 0.000000000000000000,17500,45.38
Haskell,ack_ot_np_hs_41,-1,1.063903808593750000, 0.836242675781250000, 0.001037597656250000, 0.000000000000000000,17550,45.38
Haskell,ack_ot_np_hs_41,-1,1.089843750000000000, 0.862915039062500000, 0.001586914062500000, 0.000000000000000000,17600,45.38
Haskell,ack_ot_np_hs_41,-1,1.093872070312500000, 0.863037109375000000, 0.004577636718750000, 0.000000000000000000,17650,45.38
Haskell,ack_ot_np_hs_41,-1,1.071166992187500000, 0.846618652343750000, 0.003784179687500000, 0.000000000000000000,17700,45.38
Haskell,ack_ot_np_hs_41,-1,1.118774414062500000, 0.881042480468750000, 0.005798339843750000, 0.000000000000000000,17750,45.38
Haskell,ack_ot_np_hs_41,-1,1.075683593750000000, 0.850952148437500000, 0.002380371093750000, 0.000000000000000000,17800,45.38
Haskell,ack_ot_np_hs_41,-1,1.072143554687500000, 0.844726562500000000, 0.001770019531250000, 0.000000000000000000,17850,45.38
Haskell,ack_ot_np_hs_41,-1,1.091552734375000000, 0.863098144531250000, 0.001037597656250000, 0.000000000000000000,17900,45.38
Haskell,ack_ot_np_hs_41,-1,1.076599121093750000, 0.848632812500000000, 0.001953125000000000, 0.000000000000000000,17950,45.38
Haskell,ack_ot_np_hs_41,-1,1.083312988281250000, 0.856994628906250000, 0.002014160156250000, 0.000000000000000000,18000,45.38
Haskell,ack_ot_np_hs_41,-1,1.077575683593750000, 0.853942871093750000, 0.001037597656250000, 0.000000000000000000,18050,45.38
Haskell,ack_ot_np_hs_41,-1,1.104614257812500000, 0.874511718750000000, 0.002624511718750000, 0.000000000000000000,18100,45.38
Haskell,ack_ot_np_hs_41,-1,1.092468261718750000, 0.863586425781250000, 0.000854492187500000, 0.000000000000000000,18150,45.12
Haskell,ack_ot_np_hs_41,-1,1.081909179687500000, 0.854248046875000000, 0.000915527343750000, 0.000000000000000000,18200,45.12
Haskell,ack_ot_np_hs_41,-1,1.055541992187500000, 0.834045410156250000, 0.002014160156250000, 0.000000000000000000,18250,45.12
Haskell,ack_ot_np_hs_41,-1,1.073486328125000000, 0.850646972656250000, 0.000732421875000000, 0.000000000000000000,18300,45.12
Haskell,ack_ot_np_hs_41,-1,1.089355468750000000, 0.861633300781250000, 0.000976562500000000, 0.000000000000000000,18350,45.12
Haskell,ack_ot_np_hs_41,-1,1.068298339843750000, 0.845153808593750000, 0.001037597656250000, 0.000000000000000000,18400,45.12
Haskell,ack_ot_np_hs_41,-1,1.099609375000000000, 0.867980957031250000, 0.000976562500000000, 0.000000000000000000,18450,45.12
Haskell,ack_ot_np_hs_41,-1,1.081726074218750000, 0.856140136718750000, 0.002014160156250000, 0.000000000000000000,18500,45.12
Haskell,ack_ot_np_hs_41,-1,1.058959960937500000, 0.835998535156250000, 0.001953125000000000, 0.000000000000000000,18550,45.12
Haskell,ack_ot_np_hs_41,-1,1.062377929687500000, 0.843139648437500000, 0.000732421875000000, 0.000000000000000000,18600,45.12
Haskell,ack_ot_np_hs_41,-1,1.101257324218750000, 0.868957519531250000, 0.002075195312500000, 0.000000000000000000,18650,45.12
Haskell,ack_ot_np_hs_41,-1,1.067504882812500000, 0.846618652343750000, 0.002136230468750000, 0.000000000000000000,18700,45.12
Haskell,ack_ot_np_hs_41,-1,1.083740234375000000, 0.856994628906250000, 0.000976562500000000, 0.000000000000000000,18750,45.12
Haskell,ack_ot_np_hs_41,-1,1.102783203125000000, 0.873229980468750000, 0.000854492187500000, 0.000000000000000000,18800,45.12
Haskell,ack_ot_np_hs_41,-1,1.096862792968750000, 0.866271972656250000, 0.001953125000000000, 0.000000000000000000,18850,45.12
Haskell,ack_ot_np_hs_41,-1,1.102600097656250000, 0.868469238281250000, 0.002380371093750000, 0.000000000000000000,18900,45.88
Haskell,ack_ot_np_hs_41,-1,1.077819824218750000, 0.855102539062500000, 0.001220703125000000, 0.000000000000000000,18950,46.00
Haskell,ack_ot_np_hs_41,-1,1.068054199218750000, 0.846801757812500000, 0.001953125000000000, 0.000000000000000000,19000,46.00
Haskell,ack_ot_np_hs_41,-1,1.073120117187500000, 0.851623535156250000, 0.001098632812500000, 0.000000000000000000,19050,46.00
Haskell,ack_ot_np_hs_41,-1,1.086425781250000000, 0.851318359375000000, 0.003051757812500000, 0.000000000000000000,19100,46.00
Haskell,ack_ot_np_hs_41,-1,1.075866699218750000, 0.850952148437500000, 0.000854492187500000, 0.000000000000000000,19150,46.00
Haskell,ack_ot_np_hs_41,-1,1.104858398437500000, 0.877868652343750000, 0.000976562500000000, 0.000000000000000000,19200,46.00
Haskell,ack_ot_np_hs_41,-1,1.076416015625000000, 0.851806640625000000, 0.001647949218750000, 0.000000000000000000,19250,46.00
Haskell,ack_ot_np_hs_41,-1,1.073181152343750000, 0.849853515625000000, 0.000793457031250000, 0.000000000000000000,19300,46.00
Haskell,ack_ot_np_hs_41,-1,1.078552246093750000, 0.854919433593750000, 0.001281738281250000, 0.000000000000000000,19350,46.00
Haskell,ack_ot_np_hs_41,-1,1.066528320312500000, 0.845031738281250000, 0.000427246093750000, 0.000000000000000000,19400,46.00
Haskell,ack_ot_np_hs_41,-1,1.078369140625000000, 0.855285644531250000, 0.001159667968750000, 0.000000000000000000,19450,46.00
Haskell,ack_ot_np_hs_41,-1,1.080749511718750000, 0.853088378906250000, 0.000976562500000000, 0.000000000000000000,19500,46.00
Haskell,ack_ot_np_hs_41,-1,1.083679199218750000, 0.857482910156250000, 0.001770019531250000, 0.000000000000000000,19550,46.00
Haskell,ack_ot_np_hs_41,-1,1.086608886718750000, 0.859191894531250000, 0.001770019531250000, 0.000000000000000000,19600,46.00
Haskell,ack_ot_np_hs_41,-1,1.101440429687500000, 0.885986328125000000, 0.004516601562500000, 0.000000000000000000,19650,46.00
Haskell,ack_ot_np_hs_41,-1,1.093505859375000000, 0.864196777343750000, 0.004455566406250000, 0.000000000000000000,19700,44.50
Haskell,ack_ot_np_hs_41,-1,1.093261718750000000, 0.864257812500000000, 0.004150390625000000, 0.000000000000000000,19750,44.25
Haskell,ack_ot_np_hs_41,-1,1.073669433593750000, 0.849731445312500000, 0.001098632812500000, 0.000000000000000000,19800,44.25
Haskell,ack_ot_np_hs_41,-1,1.100341796875000000, 0.872131347656250000, 0.000915527343750000, 0.000000000000000000,19850,44.25
Haskell,ack_ot_np_hs_41,-1,1.087646484375000000, 0.864135742187500000, 0.000915527343750000, 0.000000000000000000,19900,44.25
Haskell,ack_ot_np_hs_41,-1,1.073486328125000000, 0.851196289062500000, 0.001037597656250000, 0.000000000000000000,19950,44.25
Haskell,ack_ot_np_hs_41,-1,1.085205078125000000, 0.855957031250000000, 0.002685546875000000, 0.000000000000000000,20000,44.25
Haskell,ack_ot_np_hs_41,-1,1.092895507812500000, 0.863891601562500000, 0.000854492187500000, 0.000000000000000000,20050,44.25
Haskell,ack_ot_np_hs_41,-1,1.108947753906250000, 0.877380371093750000, 0.000854492187500000, 0.000000000000000000,20100,44.25
Haskell,ack_ot_np_hs_41,-1,1.076782226562500000, 0.848754882812500000, 0.001892089843750000, 0.000000000000000000,20150,44.25
Haskell,ack_ot_np_hs_41,-1,1.099548339843750000, 0.869934082031250000, 0.002014160156250000, 0.000000000000000000,20200,44.25
Haskell,ack_ot_np_hs_41,-1,1.092712402343750000, 0.868164062500000000, 0.001098632812500000, 0.000000000000000000,20250,44.25
Haskell,ack_ot_np_hs_41,-1,1.077758789062500000, 0.849853515625000000, 0.002014160156250000, 0.000000000000000000,20300,44.25
Haskell,ack_ot_np_hs_41,-1,1.044189453125000000, 0.816467285156250000, 0.002868652343750000, 0.000000000000000000,20350,44.25
Haskell,ack_ot_np_hs_41,-1,1.078918457031250000, 0.849121093750000000, 0.001037597656250000, 0.000000000000000000,20400,44.25
Haskell,ack_ot_np_hs_41,-1,1.106384277343750000, 0.875305175781250000, 0.001159667968750000, 0.000000000000000000,20450,44.25
Haskell,ack_ot_np_hs_41,-1,1.067077636718750000, 0.843750000000000000, 0.001770019531250000, 0.000000000000000000,20500,45.88
Haskell,ack_ot_np_hs_41,-1,1.058654785156250000, 0.840332031250000000, 0.000793457031250000, 0.000000000000000000,20550,46.38
Haskell,ack_ot_np_hs_41,-1,1.091430664062500000, 0.862487792968750000, 0.002258300781250000, 0.000000000000000000,20600,46.38
Haskell,ack_ot_np_hs_41,-1,1.083129882812500000, 0.856323242187500000, 0.000793457031250000, 0.000000000000000000,20650,46.38
Haskell,ack_ot_np_hs_41,-1,1.076477050781250000, 0.853454589843750000, 0.001892089843750000, 0.000000000000000000,20700,46.38
Haskell,ack_ot_np_hs_41,-1,1.075317382812500000, 0.851196289062500000, 0.000915527343750000, 0.000000000000000000,20750,46.38
Haskell,ack_ot_np_hs_41,-1,1.074768066406250000, 0.850341796875000000, 0.001281738281250000, 0.000000000000000000,20800,46.38
Haskell,ack_ot_np_hs_41,-1,1.072021484375000000, 0.845764160156250000, 0.001647949218750000, 0.000000000000000000,20850,46.38
Haskell,ack_ot_np_hs_41,-1,1.126464843750000000, 0.886779785156250000, 0.001159667968750000, 0.000000000000000000,20900,46.38
Haskell,ack_ot_np_hs_41,-1,1.071228027343750000, 0.850036621093750000, 0.001037597656250000, 0.000000000000000000,20950,46.38
Haskell,ack_ot_np_hs_41,-1,1.065002441406250000, 0.842407226562500000, 0.001586914062500000, 0.000000000000000000,21000,46.38
Haskell,ack_ot_np_hs_41,-1,1.073181152343750000, 0.843322753906250000, 0.004760742187500000, 0.000000000000000000,21050,46.38
Haskell,ack_ot_np_hs_41,-1,1.104919433593750000, 0.875793457031250000, 0.003234863281250000, 0.000000000000000000,21100,46.38
Haskell,ack_ot_np_hs_41,-1,1.105041503906250000, 0.871826171875000000, 0.004760742187500000, 0.000000000000000000,21150,46.38
Haskell,ack_ot_np_hs_41,-1,1.084655761718750000, 0.859985351562500000, 0.001708984375000000, 0.000000000000000000,21200,46.38
Haskell,ack_ot_np_hs_41,-1,1.104003906250000000, 0.875244140625000000, 0.001037597656250000, 0.000000000000000000,21250,46.38
Haskell,ack_ot_np_hs_41,-1,1.085083007812500000, 0.856811523437500000, 0.001831054687500000, 0.000000000000000000,21300,46.50
Haskell,ack_ot_np_hs_41,-1,1.132141113281250000, 0.896911621093750000, 0.002197265625000000, 0.000000000000000000,21350,46.25
Haskell,ack_ot_np_hs_41,-1,1.124328613281250000, 0.890075683593750000, 0.005004882812500000, 0.000000000000000000,21400,46.25
Haskell,ack_ot_np_hs_41,-1,1.105285644531250000, 0.875427246093750000, 0.001892089843750000, 0.000000000000000000,21450,46.25
Haskell,ack_ot_np_hs_41,-1,1.071777343750000000, 0.848999023437500000, 0.002136230468750000, 0.000000000000000000,21500,46.25
Haskell,ack_ot_np_hs_41,-1,1.087524414062500000, 0.860290527343750000, 0.001037597656250000, 0.000000000000000000,21550,46.25
Haskell,ack_ot_np_hs_41,-1,1.090148925781250000, 0.866394042968750000, 0.001464843750000000, 0.000000000000000000,21600,46.25
Haskell,ack_ot_np_hs_41,-1,1.091979980468750000, 0.863769531250000000, 0.001098632812500000, 0.000000000000000000,21650,46.25
Haskell,ack_ot_np_hs_41,-1,1.080261230468750000, 0.855651855468750000, 0.001708984375000000, 0.000000000000000000,21700,46.25
Haskell,ack_ot_np_hs_41,-1,1.091369628906250000, 0.863769531250000000, 0.004577636718750000, 0.000000000000000000,21750,46.25
Haskell,ack_ot_np_hs_41,-1,1.113403320312500000, 0.877746582031250000, 0.001892089843750000, 0.000000000000000000,21800,46.25
Haskell,ack_ot_np_hs_41,-1,1.092224121093750000, 0.862792968750000000, 0.001708984375000000, 0.000000000000000000,21850,46.25
Haskell,ack_ot_np_hs_41,-1,1.114562988281250000, 0.883483886718750000, 0.000732421875000000, 0.000000000000000000,21900,46.25
Haskell,ack_ot_np_hs_41,-1,1.078125000000000000, 0.856201171875000000, 0.002014160156250000, 0.000000000000000000,21950,46.25
Haskell,ack_ot_np_hs_41,-1,1.087829589843750000, 0.857543945312500000, 0.001037597656250000, 0.000000000000000000,22000,46.25
Haskell,ack_ot_np_hs_41,-1,1.101196289062500000, 0.872375488281250000, 0.003295898437500000, 0.000000000000000000,22050,46.25
Haskell,ack_ot_np_hs_41,-1,1.102966308593750000, 0.871765136718750000, 0.002075195312500000, 0.000000000000000000,22100,46.62
Haskell,ack_ot_np_hs_41,-1,1.083435058593750000, 0.856018066406250000, 0.002380371093750000, 0.000000000000000000,22150,46.62
Haskell,ack_ot_np_hs_41,-1,1.069335937500000000, 0.846374511718750000, 0.001342773437500000, 0.000000000000000000,22200,46.62
Haskell,ack_ot_np_hs_41,-1,1.085144042968750000, 0.859741210937500000, 0.001342773437500000, 0.000000000000000000,22250,46.62
Haskell,ack_ot_np_hs_41,-1,1.087524414062500000, 0.861816406250000000, 0.001892089843750000, 0.000000000000000000,22300,46.62
Haskell,ack_ot_np_hs_41,-1,1.056945800781250000, 0.836120605468750000, 0.000915527343750000, 0.000000000000000000,22350,46.62
Haskell,ack_ot_np_hs_41,-1,1.102966308593750000, 0.871765136718750000, 0.000854492187500000, 0.000000000000000000,22400,46.62
Haskell,ack_ot_np_hs_41,-1,1.092895507812500000, 0.865966796875000000, 0.000732421875000000, 0.000000000000000000,22450,46.62
Haskell,ack_ot_np_hs_41,-1,1.080566406250000000, 0.857116699218750000, 0.000976562500000000, 0.000000000000000000,22500,46.62
Haskell,ack_ot_np_hs_41,-1,1.092834472656250000, 0.865539550781250000, 0.000854492187500000, 0.000000000000000000,22550,46.62
Haskell,ack_ot_np_hs_41,-1,1.114013671875000000, 0.880554199218750000, 0.001831054687500000, 0.000000000000000000,22600,46.62
Haskell,ack_ot_np_hs_41,-1,1.096984863281250000, 0.865722656250000000, 0.002319335937500000, 0.000000000000000000,22650,46.62
Haskell,ack_ot_np_hs_41,-1,1.114440917968750000, 0.881469726562500000, 0.002014160156250000, 0.000000000000000000,22700,46.62
Haskell,ack_ot_np_hs_41,-1,1.095764160156250000, 0.863708496093750000, 0.001892089843750000, 0.000000000000000000,22750,46.62
Haskell,ack_ot_np_hs_41,-1,1.099914550781250000, 0.869079589843750000, 0.001159667968750000, 0.000000000000000000,22800,46.62
Haskell,ack_ot_np_hs_41,-1,1.099304199218750000, 0.871582031250000000, 0.001525878906250000, 0.000000000000000000,22850,46.12
Haskell,ack_ot_np_hs_41,-1,1.080017089843750000, 0.855957031250000000, 0.001342773437500000, 0.000000000000000000,22900,46.12
Haskell,ack_ot_np_hs_41,-1,1.084533691406250000, 0.858825683593750000, 0.001647949218750000, 0.000000000000000000,22950,46.12
Haskell,ack_ot_np_hs_41,-1,1.102539062500000000, 0.870422363281250000, 0.001281738281250000, 0.000000000000000000,23000,46.12
Haskell,ack_ot_np_hs_41,-1,1.101989746093750000, 0.874389648437500000, 0.000976562500000000, 0.000000000000000000,23050,46.12
Haskell,ack_ot_np_hs_41,-1,1.110290527343750000, 0.875488281250000000, 0.001953125000000000, 0.000000000000000000,23100,46.12
Haskell,ack_ot_np_hs_41,-1,1.086303710937500000, 0.858154296875000000, 0.001586914062500000, 0.000000000000000000,23150,46.12
Haskell,ack_ot_np_hs_41,-1,1.099731445312500000, 0.871337890625000000, 0.002197265625000000, 0.000000000000000000,23200,46.12
Haskell,ack_ot_np_hs_41,-1,1.083435058593750000, 0.857299804687500000, 0.001892089843750000, 0.000000000000000000,23250,46.12
Haskell,ack_ot_np_hs_41,-1,1.073791503906250000, 0.850341796875000000, 0.001708984375000000, 0.000000000000000000,23300,46.12
Haskell,ack_ot_np_hs_41,-1,1.114990234375000000, 0.882324218750000000, 0.002136230468750000, 0.000000000000000000,23350,46.12
Haskell,ack_ot_np_hs_41,-1,1.064270019531250000, 0.837036132812500000, 0.001647949218750000, 0.000000000000000000,23400,46.12
Haskell,ack_ot_np_hs_41,-1,1.062561035156250000, 0.841186523437500000, 0.000732421875000000, 0.000000000000000000,23450,46.12
Haskell,ack_ot_np_hs_41,-1,1.095581054687500000, 0.860961914062500000, 0.002014160156250000, 0.000000000000000000,23500,46.12
Haskell,ack_ot_np_hs_41,-1,1.065612792968750000, 0.844177246093750000, 0.000793457031250000, 0.000000000000000000,23550,46.12
Haskell,ack_ot_np_hs_41,-1,1.090148925781250000, 0.859375000000000000, 0.002807617187500000, 0.000000000000000000,23600,46.12
Haskell,ack_ot_np_hs_41,-1,1.059875488281250000, 0.838500976562500000, 0.000854492187500000, 0.000000000000000000,23650,46.38
Haskell,ack_ot_np_hs_41,-1,1.116943359375000000, 0.882019042968750000, 0.002075195312500000, 0.000000000000000000,23700,46.38
Haskell,ack_ot_np_hs_41,-1,1.110778808593750000, 0.881652832031250000, 0.002197265625000000, 0.000000000000000000,23750,46.38
Haskell,ack_ot_np_hs_41,-1,1.063842773437500000, 0.833557128906250000, 0.002258300781250000, 0.000000000000000000,23800,46.38
Haskell,ack_ot_np_hs_41,-1,1.106994628906250000, 0.873535156250000000, 0.002075195312500000, 0.000000000000000000,23850,46.38
Haskell,ack_ot_np_hs_41,-1,1.075256347656250000, 0.851440429687500000, 0.001037597656250000, 0.000000000000000000,23900,46.38
Haskell,ack_ot_np_hs_41,-1,1.104125976562500000, 0.841735839843750000, 0.001892089843750000, 0.000000000000000000,23950,46.38
Haskell,ack_ot_np_hs_41,-1,1.080627441406250000, 0.854858398437500000, 0.000732421875000000, 0.000000000000000000,24000,46.38
Haskell,ack_ot_np_hs_41,-1,1.134338378906250000, 0.864257812500000000, 0.002502441406250000, 0.000000000000000000,24050,46.38
Haskell,ack_ot_np_hs_41,-1,1.078918457031250000, 0.851989746093750000, 0.001220703125000000, 0.000000000000000000,24100,46.38
Haskell,ack_ot_np_hs_41,-1,1.077331542968750000, 0.854187011718750000, 0.001525878906250000, 0.000000000000000000,24150,46.38
Haskell,ack_ot_np_hs_41,-1,1.065124511718750000, 0.837463378906250000, 0.000610351562500000, 0.000000000000000000,24200,46.38
Haskell,ack_ot_np_hs_41,-1,1.108459472656250000, 0.876647949218750000, 0.000793457031250000, 0.000000000000000000,24250,46.38
Haskell,ack_ot_np_hs_41,-1,1.149719238281250000, 0.911560058593750000, 0.002563476562500000, 0.000000000000000000,24300,46.38
Haskell,ack_ot_np_hs_41,-1,1.084045410156250000, 0.855651855468750000, 0.001892089843750000, 0.000000000000000000,24350,46.38
Haskell,ack_ot_np_hs_41,-1,1.092712402343750000, 0.878601074218750000, 0.001647949218750000, 0.000000000000000000,24400,46.75
Haskell,ack_ot_np_hs_41,-1,1.089782714843750000, 0.860839843750000000, 0.001647949218750000, 0.000000000000000000,24450,46.75
Haskell,ack_ot_np_hs_41,-1,1.117309570312500000, 0.880371093750000000, 0.004089355468750000, 0.000000000000000000,24500,46.75
Haskell,ack_ot_np_hs_41,-1,1.092529296875000000, 0.863281250000000000, 0.002136230468750000, 0.000000000000000000,24550,46.75
Haskell,ack_ot_np_hs_41,-1,1.102050781250000000, 0.872070312500000000, 0.001647949218750000, 0.000000000000000000,24600,46.75
Haskell,ack_ot_np_hs_41,-1,1.102416992187500000, 0.871887207031250000, 0.002319335937500000, 0.000000000000000000,24650,46.75
Haskell,ack_ot_np_hs_41,-1,1.112487792968750000, 0.880798339843750000, 0.001953125000000000, 0.000000000000000000,24700,46.75
Haskell,ack_ot_np_hs_41,-1,1.068725585937500000, 0.845397949218750000, 0.001281738281250000, 0.000000000000000000,24750,46.75
Haskell,ack_ot_np_hs_41,-1,1.092956542968750000, 0.864990234375000000, 0.000854492187500000, 0.000000000000000000,24800,46.75
Haskell,ack_ot_np_hs_41,-1,1.073730468750000000, 0.847839355468750000, 0.001586914062500000, 0.000000000000000000,24850,46.75
Haskell,ack_ot_np_hs_41,-1,1.070922851562500000, 0.847961425781250000, 0.000793457031250000, 0.000000000000000000,24900,46.75
Haskell,ack_ot_np_hs_41,-1,1.096862792968750000, 0.867309570312500000, 0.000549316406250000, 0.000000000000000000,24950,46.75
Haskell,ack_ot_np_hs_41,-1,1.083740234375000000, 0.854431152343750000, 0.002685546875000000, 0.000000000000000000,25000,46.75
Haskell,ack_ot_np_hs_41,-1,1.101806640625000000, 0.872375488281250000, 0.000671386718750000, 0.000000000000000000,25050,46.75
Haskell,ack_ot_np_hs_41,-1,1.106689453125000000, 0.873535156250000000, 0.002136230468750000, 0.000000000000000000,25100,46.75
Haskell,ack_ot_np_hs_41,-1,1.116210937500000000, 0.881530761718750000, 0.000793457031250000, 0.000000000000000000,25150,46.75
Haskell,ack_ot_np_hs_41,-1,1.073425292968750000, 0.848693847656250000, 0.001037597656250000, 0.000000000000000000,25200,45.88
Haskell,ack_ot_np_hs_41,-1,1.077209472656250000, 0.848754882812500000, 0.002136230468750000, 0.000000000000000000,25250,45.88
Haskell,ack_ot_np_hs_41,-1,1.068603515625000000, 0.846069335937500000, 0.001770019531250000, 0.000000000000000000,25300,45.88
Haskell,ack_ot_np_hs_41,-1,1.095275878906250000, 0.842956542968750000, 0.001831054687500000, 0.000000000000000000,25350,45.88
Haskell,ack_ot_np_hs_41,-1,1.099426269531250000, 0.868896484375000000, 0.000915527343750000, 0.000000000000000000,25400,45.88
Haskell,ack_ot_np_hs_41,-1,1.097717285156250000, 0.867858886718750000, 0.001770019531250000, 0.000000000000000000,25450,45.88
Haskell,ack_ot_np_hs_41,-1,1.090637207031250000, 0.862670898437500000, 0.002746582031250000, 0.000000000000000000,25500,45.88
Haskell,ack_ot_np_hs_41,-1,1.074218750000000000, 0.851074218750000000, 0.001098632812500000, 0.000000000000000000,25550,45.88
Haskell,ack_ot_np_hs_41,-1,1.070983886718750000, 0.845825195312500000, 0.001770019531250000, 0.000000000000000000,25600,45.88
Haskell,ack_ot_np_hs_41,-1,1.091979980468750000, 0.867065429687500000, 0.001831054687500000, 0.000000000000000000,25650,45.88
Haskell,ack_ot_np_hs_41,-1,1.070739746093750000, 0.848876953125000000, 0.001098632812500000, 0.000000000000000000,25700,45.88
Haskell,ack_ot_np_hs_41,-1,1.072998046875000000, 0.849792480468750000, 0.000793457031250000, 0.000000000000000000,25750,45.88
Haskell,ack_ot_np_hs_41,-1,1.074707031250000000, 0.851501464843750000, 0.000793457031250000, 0.000000000000000000,25800,45.88
Haskell,ack_ot_np_hs_41,-1,1.093811035156250000, 0.863464355468750000, 0.001159667968750000, 0.000000000000000000,25850,45.88
Haskell,ack_ot_np_hs_41,-1,1.107238769531250000, 0.873474121093750000, 0.002014160156250000, 0.000000000000000000,25900,45.88
Haskell,ack_ot_np_hs_41,-1,1.088928222656250000, 0.861755371093750000, 0.001708984375000000, 0.000000000000000000,25950,46.00
Haskell,ack_ot_np_hs_41,-1,1.065490722656250000, 0.842773437500000000, 0.002258300781250000, 0.000000000000000000,26000,46.00
Haskell,ack_ot_np_hs_41,-1,1.056823730468750000, 0.829711914062500000, 0.001037597656250000, 0.000000000000000000,26050,45.75
Haskell,ack_ot_np_hs_41,-1,1.085266113281250000, 0.853942871093750000, 0.001464843750000000, 0.000000000000000000,26100,45.75
Haskell,ack_ot_np_hs_41,-1,1.105651855468750000, 0.871093750000000000, 0.000915527343750000, 0.000000000000000000,26150,45.75
Haskell,ack_ot_np_hs_41,-1,1.082031250000000000, 0.852294921875000000, 0.001098632812500000, 0.000000000000000000,26200,45.75
Haskell,ack_ot_np_hs_41,-1,1.091857910156250000, 0.859130859375000000, 0.000854492187500000, 0.000000000000000000,26250,45.75
Haskell,ack_ot_np_hs_41,-1,1.098815917968750000, 0.866027832031250000, 0.000854492187500000, 0.000000000000000000,26300,45.75
Haskell,ack_ot_np_hs_41,-1,1.129333496093750000, 0.886108398437500000, 0.001831054687500000, 0.000000000000000000,26350,45.75
Haskell,ack_ot_np_hs_41,-1,1.079345703125000000, 0.849304199218750000, 0.001953125000000000, 0.000000000000000000,26400,45.75
Haskell,ack_ot_np_hs_41,-1,1.090026855468750000, 0.854370117187500000, 0.002258300781250000, 0.000000000000000000,26450,45.75
Haskell,ack_ot_np_hs_41,-1,1.091430664062500000, 0.859313964843750000, 0.002014160156250000, 0.000000000000000000,26500,45.75
Haskell,ack_ot_np_hs_41,-1,1.091247558593750000, 0.859924316406250000, 0.000671386718750000, 0.000000000000000000,26550,45.75
Haskell,ack_ot_np_hs_41,-1,1.070617675781250000, 0.841064453125000000, 0.001953125000000000, 0.000000000000000000,26600,45.75
Haskell,ack_ot_np_hs_41,-1,1.092651367187500000, 0.877380371093750000, 0.000732421875000000, 0.000000000000000000,26650,45.75
Haskell,ack_ot_np_hs_41,-1,1.085632324218750000, 0.853576660156250000, 0.002319335937500000, 0.000000000000000000,26700,45.75
Haskell,ack_ot_np_hs_41,-1,1.071716308593750000, 0.844482421875000000, 0.001098632812500000, 0.000000000000000000,26750,45.62
Haskell,ack_ot_np_hs_41,-1,1.092895507812500000, 0.860839843750000000, 0.001464843750000000, 0.000000000000000000,26800,46.62
Haskell,ack_ot_np_hs_41,-1,1.065307617187500000, 0.841430664062500000, 0.001770019531250000, 0.000000000000000000,26850,46.62
Haskell,ack_ot_np_hs_41,-1,1.107543945312500000, 0.869384765625000000, 0.001953125000000000, 0.000000000000000000,26900,46.62
Haskell,ack_ot_np_hs_41,-1,1.114685058593750000, 0.882873535156250000, 0.001831054687500000, 0.000000000000000000,26950,46.62
Haskell,ack_ot_np_hs_41,-1,1.093322753906250000, 0.865905761718750000, 0.000854492187500000, 0.000000000000000000,27000,46.62
Haskell,ack_ot_np_hs_41,-1,1.082824707031250000, 0.855346679687500000, 0.001647949218750000, 0.000000000000000000,27050,46.62
Haskell,ack_ot_np_hs_41,-1,1.065185546875000000, 0.834777832031250000, 0.001953125000000000, 0.000000000000000000,27100,46.62
Haskell,ack_ot_np_hs_41,-1,1.101745605468750000, 0.864685058593750000, 0.000915527343750000, 0.000000000000000000,27150,46.62
Haskell,ack_ot_np_hs_41,-1,1.103332519531250000, 0.868041992187500000, 0.000671386718750000, 0.000000000000000000,27200,46.62
Haskell,ack_ot_np_hs_41,-1,1.116394042968750000, 0.879150390625000000, 0.002136230468750000, 0.000000000000000000,27250,46.62
Haskell,ack_ot_np_hs_41,-1,1.081787109375000000, 0.852416992187500000, 0.000671386718750000, 0.000000000000000000,27300,46.62
Haskell,ack_ot_np_hs_41,-1,1.066467285156250000, 0.841613769531250000, 0.001098632812500000, 0.000000000000000000,27350,46.62
Haskell,ack_ot_np_hs_41,-1,1.073913574218750000, 0.840332031250000000, 0.001770019531250000, 0.000000000000000000,27400,46.62
Haskell,ack_ot_np_hs_41,-1,1.053894042968750000, 0.818603515625000000, 0.001525878906250000, 0.000000000000000000,27450,46.62
Haskell,ack_ot_np_hs_41,-1,1.068176269531250000, 0.835937500000000000, 0.001831054687500000, 0.000000000000000000,27500,46.62
Haskell,ack_ot_np_hs_41,-1,1.087280273437500000, 0.859619140625000000, 0.000915527343750000, 0.000000000000000000,27550,46.75
Haskell,ack_ot_np_hs_41,-1,1.097595214843750000, 0.863281250000000000, 0.001770019531250000, 0.000000000000000000,27600,46.88
Haskell,ack_ot_np_hs_41,-1,1.104736328125000000, 0.873474121093750000, 0.001281738281250000, 0.000000000000000000,27650,46.88
Haskell,ack_ot_np_hs_41,-1,1.058776855468750000, 0.814331054687500000, 0.001953125000000000, 0.000000000000000000,27700,46.88
Haskell,ack_ot_np_hs_41,-1,1.028869628906250000, 0.797912597656250000, 0.000488281250000000, 0.000000000000000000,27750,46.88
Haskell,ack_ot_np_hs_41,-1,1.099731445312500000, 0.861999511718750000, 0.000915527343750000, 0.000000000000000000,27800,46.88
Haskell,ack_ot_np_hs_41,-1,1.008666992187500000, 0.801635742187500000, 0.000610351562500000, 0.000000000000000000,27850,46.88
Haskell,ack_ot_np_hs_41,-1,1.010620117187500000, 0.782470703125000000, 0.000915527343750000, 0.000000000000000000,27900,46.88
Haskell,ack_ot_np_hs_41,-1,0.996948242187500000, 0.771484375000000000, 0.000854492187500000, 0.000000000000000000,27950,46.88
Haskell,ack_ot_np_hs_41,-1,1.026855468750000000, 0.793457031250000000, 0.000732421875000000, 0.000000000000000000,28000,46.88
Haskell,ack_ot_np_hs_41,-1,1.031738281250000000, 0.797607421875000000, 0.002258300781250000, 0.000000000000000000,28050,46.88
Haskell,ack_ot_np_hs_41,-1,1.004699707031250000, 0.774475097656250000, 0.002197265625000000, 0.000000000000000000,28100,46.88
Haskell,ack_ot_np_hs_41,-1,1.037597656250000000, 0.803222656250000000, 0.001892089843750000, 0.000000000000000000,28150,46.88
Haskell,ack_ot_np_hs_41,-1,1.028442382812500000, 0.796142578125000000, 0.001586914062500000, 0.000000000000000000,28200,46.88
Haskell,ack_ot_np_hs_41,-1,0.998107910156250000, 0.765014648437500000, 0.003540039062500000, 0.000000000000000000,28250,46.88
Haskell,ack_ot_np_hs_41,-1,1.021789550781250000, 0.784667968750000000, 0.004882812500000000, 0.000000000000000000,28300,53.50
Haskell,ack_ot_np_hs_41,-1,1.015319824218750000, 0.782531738281250000, 0.005554199218750000, 0.000000000000000000,28350,51.88
Haskell,ack_ot_np_hs_41,-1,1.006530761718750000, 0.776428222656250000, 0.001342773437500000, 0.000000000000000000,28400,51.88
Haskell,ack_ot_np_hs_41,-1,0.995361328125000000, 0.782592773437500000, 0.000854492187500000, 0.000000000000000000,28450,51.88
Haskell,ack_ot_np_hs_41,-1,1.029602050781250000, 0.795715332031250000, 0.003479003906250000, 0.000000000000000000,28500,51.88
Haskell,ack_ot_np_hs_41,-1,1.026428222656250000, 0.794799804687500000, 0.004455566406250000, 0.000000000000000000,28550,51.88
Haskell,ack_ot_np_hs_41,-1,1.008972167968750000, 0.770141601562500000, 0.001098632812500000, 0.000000000000000000,28600,51.88
Haskell,ack_ot_np_hs_41,-1,0.985168457031250000, 0.761230468750000000, 0.002136230468750000, 0.000000000000000000,28650,51.88
Haskell,ack_ot_np_hs_41,-1,0.970153808593750000, 0.744506835937500000, 0.001586914062500000, 0.000000000000000000,28700,51.88
Haskell,ack_ot_np_hs_41,-1,0.994873046875000000, 0.765014648437500000, 0.001037597656250000, 0.000000000000000000,28750,51.88
Haskell,ack_ot_np_hs_41,-1,1.002136230468750000, 0.772644042968750000, 0.000610351562500000, 0.000000000000000000,28800,51.88
Haskell,ack_ot_np_hs_41,-1,0.997802734375000000, 0.764526367187500000, 0.000976562500000000, 0.000000000000000000,28850,51.88
Haskell,ack_ot_np_hs_41,-1,0.997802734375000000, 0.771972656250000000, 0.001831054687500000, 0.000000000000000000,28900,51.88
Haskell,ack_ot_np_hs_41,-1,0.993164062500000000, 0.764099121093750000, 0.001953125000000000, 0.000000000000000000,28950,51.88
Haskell,ack_ot_np_hs_41,-1,1.005676269531250000, 0.771606445312500000, 0.001770019531250000, 0.000000000000000000,29000,51.88
Haskell,ack_ot_np_hs_41,-1,1.006103515625000000, 0.770812988281250000, 0.001464843750000000, 0.000000000000000000,29050,51.88
Haskell,ack_ot_np_hs_41,-1,1.000122070312500000, 0.770751953125000000, 0.000976562500000000, 0.000000000000000000,29100,51.88
Haskell,ack_ot_np_hs_41,-1,1.009887695312500000, 0.776672363281250000, 0.001586914062500000, 0.000000000000000000,29150,47.00
Haskell,ack_ot_np_hs_41,-1,0.991577148437500000, 0.765380859375000000, 0.001098632812500000, 0.000000000000000000,29200,47.00
Haskell,ack_ot_np_hs_41,-1,1.003173828125000000, 0.794799804687500000, 0.000976562500000000, 0.000000000000000000,29250,47.00
Haskell,ack_ot_np_hs_41,-1,1.017028808593750000, 0.783020019531250000, 0.000793457031250000, 0.000000000000000000,29300,47.00
Haskell,ack_ot_np_hs_41,-1,1.001281738281250000, 0.773437500000000000, 0.000671386718750000, 0.000000000000000000,29350,47.00
Haskell,ack_ot_np_hs_41,-1,1.002929687500000000, 0.772583007812500000, 0.000732421875000000, 0.000000000000000000,29400,47.00
Haskell,ack_ot_np_hs_41,-1,0.980529785156250000, 0.766235351562500000, 0.001159667968750000, 0.000000000000000000,29450,47.00
Haskell,ack_ot_np_hs_41,-1,0.994628906250000000, 0.759582519531250000, 0.002685546875000000, 0.000000000000000000,29500,47.00
Haskell,ack_ot_np_hs_41,-1,0.984069824218750000, 0.762634277343750000, 0.001220703125000000, 0.000000000000000000,29550,47.00
Haskell,ack_ot_np_hs_41,-1,0.988342285156250000, 0.771667480468750000, 0.002380371093750000, 0.000000000000000000,29600,47.00
Haskell,ack_ot_np_hs_41,-1,0.993469238281250000, 0.765686035156250000, 0.000732421875000000, 0.000000000000000000,29650,47.00
Haskell,ack_ot_np_hs_41,-1,1.028625488281250000, 0.794677734375000000, 0.000854492187500000, 0.000000000000000000,29700,47.00
Haskell,ack_ot_np_hs_41,-1,0.990905761718750000, 0.762512207031250000, 0.001342773437500000, 0.000000000000000000,29750,47.00
Haskell,ack_ot_np_hs_41,-1,1.019104003906250000, 0.789062500000000000, 0.002075195312500000, 0.000000000000000000,29800,47.00
Haskell,ack_ot_np_hs_41,-1,0.990234375000000000, 0.762329101562500000, 0.001831054687500000, 0.000000000000000000,29850,47.00
Haskell,ack_ot_np_hs_41,-1,1.010559082031250000, 0.777954101562500000, 0.000488281250000000, 0.000000000000000000,29900,46.62
Haskell,ack_ot_np_hs_41,-1,1.011901855468750000, 0.781799316406250000, 0.002319335937500000, 0.000000000000000000,29950,51.25
Haskell,ack_ot_np_hs_41,-1,1.016235351562500000, 0.784484863281250000, 0.001525878906250000, 0.000000000000000000,30000,51.25
Haskell,ack_ot_np_hs_41,-1,1.010437011718750000, 0.774536132812500000, 0.001403808593750000, 0.000000000000000000,30050,51.25
Haskell,ack_ot_np_hs_41,-1,1.003662109375000000, 0.773742675781250000, 0.000915527343750000, 0.000000000000000000,30100,51.25
Haskell,ack_ot_np_hs_41,-1,1.017211914062500000, 0.783935546875000000, 0.000976562500000000, 0.000000000000000000,30150,51.25
Haskell,ack_ot_np_hs_41,-1,1.012207031250000000, 0.779418945312500000, 0.004333496093750000, 0.000000000000000000,30200,51.25
Haskell,ack_ot_np_hs_41,-1,1.003234863281250000, 0.770996093750000000, 0.003356933593750000, 0.000000000000000000,30250,51.25
Haskell,ack_ot_np_hs_41,-1,0.996459960937500000, 0.767456054687500000, 0.004333496093750000, 0.000000000000000000,30300,51.25
Haskell,ack_ot_np_hs_41,-1,1.017639160156250000, 0.780334472656250000, 0.003662109375000000, 0.000000000000000000,30350,51.25
Haskell,ack_ot_np_hs_41,-1,0.995483398437500000, 0.767578125000000000, 0.001586914062500000, 0.000000000000000000,30400,51.25
Haskell,ack_ot_np_hs_41,-1,1.001342773437500000, 0.768432617187500000, 0.001464843750000000, 0.000000000000000000,30450,51.25
Haskell,ack_ot_np_hs_41,-1,1.033691406250000000, 0.797424316406250000, 0.001281738281250000, 0.000000000000000000,30500,51.25
Haskell,ack_ot_np_hs_41,-1,0.982666015625000000, 0.755554199218750000, 0.001037597656250000, 0.000000000000000000,30550,51.25
Haskell,ack_ot_np_hs_41,-1,1.022338867187500000, 0.786926269531250000, 0.002319335937500000, 0.000000000000000000,30600,51.25
Haskell,ack_ot_np_hs_41,-1,0.975463867187500000, 0.750793457031250000, 0.001953125000000000, 0.000000000000000000,30650,51.12
Haskell,ack_ot_np_hs_41,-1,0.998474121093750000, 0.768554687500000000, 0.001831054687500000, 0.000000000000000000,30700,51.62
Haskell,ack_ot_np_hs_41,-1,0.981933593750000000, 0.756042480468750000, 0.001831054687500000, 0.000000000000000000,30750,51.62
Haskell,ack_ot_np_hs_41,-1,1.011108398437500000, 0.773742675781250000, 0.003845214843750000, 0.000000000000000000,30800,51.62
Haskell,ack_ot_np_hs_41,-1,0.983764648437500000, 0.754150390625000000, 0.002319335937500000, 0.000000000000000000,30850,51.62
Haskell,ack_ot_np_hs_41,-1,0.986938476562500000, 0.754394531250000000, 0.001586914062500000, 0.000000000000000000,30900,51.62
Haskell,ack_ot_np_hs_41,-1,1.002075195312500000, 0.771972656250000000, 0.001770019531250000, 0.000000000000000000,30950,51.62
Haskell,ack_ot_np_hs_41,-1,0.984863281250000000, 0.758483886718750000, 0.001647949218750000, 0.000000000000000000,31000,51.62
Haskell,ack_ot_np_hs_41,-1,1.022888183593750000, 0.785461425781250000, 0.001159667968750000, 0.000000000000000000,31050,51.62
Haskell,ack_ot_np_hs_41,-1,1.014099121093750000, 0.782104492187500000, 0.001464843750000000, 0.000000000000000000,31100,51.62
Haskell,ack_ot_np_hs_41,-1,1.002807617187500000, 0.784118652343750000, 0.003479003906250000, 0.000000000000000000,31150,51.62
Haskell,ack_ot_np_hs_41,-1,1.011108398437500000, 0.782653808593750000, 0.001708984375000000, 0.000000000000000000,31200,51.62
Haskell,ack_ot_np_hs_41,-1,1.017211914062500000, 0.782470703125000000, 0.001770019531250000, 0.000000000000000000,31250,51.62
Haskell,ack_ot_np_hs_41,-1,0.991516113281250000, 0.763793945312500000, 0.001525878906250000, 0.000000000000000000,31300,51.62
Haskell,ack_ot_np_hs_41,-1,1.014648437500000000, 0.780883789062500000, 0.000854492187500000, 0.000000000000000000,31350,51.62
Haskell,ack_ot_np_hs_41,-1,1.017211914062500000, 0.782897949218750000, 0.002563476562500000, 0.000000000000000000,31400,52.12
Haskell,ack_ot_np_hs_41,-1,1.010681152343750000, 0.781860351562500000, 0.001159667968750000, 0.000000000000000000,31450,52.00
Haskell,ack_ot_np_hs_41,-1,0.995971679687500000, 0.765747070312500000, 0.001281738281250000, 0.000000000000000000,31500,52.00
Haskell,ack_ot_np_hs_41,-1,1.029785156250000000, 0.793457031250000000, 0.001159667968750000, 0.000000000000000000,31550,52.00
Haskell,ack_ot_np_hs_41,-1,0.946289062500000000, 0.718200683593750000, 0.000854492187500000, 0.000000000000000000,31600,52.00
Haskell,ack_ot_np_hs_41,-1,1.031921386718750000, 0.797485351562500000, 0.001464843750000000, 0.000000000000000000,31650,52.00
Haskell,ack_ot_np_hs_41,-1,1.037109375000000000, 0.804260253906250000, 0.002136230468750000, 0.000000000000000000,31700,52.00
Haskell,ack_ot_np_hs_41,-1,1.035339355468750000, 0.805541992187500000, 0.002258300781250000, 0.000000000000000000,31750,52.00
Haskell,ack_ot_np_hs_41,-1,1.007568359375000000, 0.776306152343750000, 0.000732421875000000, 0.000000000000000000,31800,52.00
Haskell,ack_ot_np_hs_41,-1,1.027221679687500000, 0.796447753906250000, 0.000976562500000000, 0.000000000000000000,31850,52.00
Haskell,ack_ot_np_hs_41,-1,1.031066894531250000, 0.797546386718750000, 0.001953125000000000, 0.000000000000000000,31900,52.00
Haskell,ack_ot_np_hs_41,-1,1.039245605468750000, 0.806213378906250000, 0.001037597656250000, 0.000000000000000000,31950,52.00
Haskell,ack_ot_np_hs_41,-1,1.032470703125000000, 0.798889160156250000, 0.002380371093750000, 0.000000000000000000,32000,52.00
Haskell,ack_ot_np_hs_41,-1,1.004394531250000000, 0.780883789062500000, 0.002014160156250000, 0.000000000000000000,32050,52.00
Haskell,ack_ot_np_hs_41,-1,1.044921875000000000, 0.810485839843750000, 0.001708984375000000, 0.000000000000000000,32100,52.00
Haskell,ack_ot_np_hs_41,-1,1.017883300781250000, 0.789611816406250000, 0.000671386718750000, 0.000000000000000000,32150,45.38
Haskell,ack_ot_np_hs_41,-1,1.037780761718750000, 0.797241210937500000, 0.002746582031250000, 0.000000000000000000,32200,45.38
Haskell,ack_ot_np_hs_41,-1,1.026184082031250000, 0.793090820312500000, 0.001586914062500000, 0.000000000000000000,32250,45.38
Haskell,ack_ot_np_hs_41,-1,1.028686523437500000, 0.805297851562500000, 0.000915527343750000, 0.000000000000000000,32300,45.38
Haskell,ack_ot_np_hs_41,-1,1.071960449218750000, 0.843444824218750000, 0.001770019531250000, 0.000000000000000000,32350,45.38
Haskell,ack_ot_np_hs_41,-1,1.105041503906250000, 0.871704101562500000, 0.001831054687500000, 0.000000000000000000,32400,45.38
Haskell,ack_ot_np_hs_41,-1,1.045104980468750000, 0.816955566406250000, 0.001892089843750000, 0.000000000000000000,32450,45.38
Haskell,ack_ot_np_hs_41,-1,1.069824218750000000, 0.842041015625000000, 0.002258300781250000, 0.000000000000000000,32500,45.38
Haskell,ack_ot_np_hs_41,-1,1.078979492187500000, 0.847778320312500000, 0.001831054687500000, 0.000000000000000000,32550,45.38
Haskell,ack_ot_np_hs_41,-1,1.067382812500000000, 0.844421386718750000, 0.000976562500000000, 0.000000000000000000,32600,45.38
Haskell,ack_ot_np_hs_41,-1,1.135192871093750000, 0.896789550781250000, 0.004760742187500000, 0.000000000000000000,32650,45.38
Haskell,ack_ot_np_hs_41,-1,1.071166992187500000, 0.841308593750000000, 0.004516601562500000, 0.000000000000000000,32700,45.38
Haskell,ack_ot_np_hs_41,-1,1.098327636718750000, 0.865539550781250000, 0.004028320312500000, 0.000000000000000000,32750,45.38
Haskell,ack_ot_np_hs_41,-1,1.073791503906250000, 0.848205566406250000, 0.000671386718750000, 0.000000000000000000,32800,45.38
Haskell,ack_ot_np_hs_41,-1,1.059082031250000000, 0.839050292968750000, 0.000793457031250000, 0.000000000000000000,32850,45.38
Haskell,ack_ot_np_hs_41,-1,1.063049316406250000, 0.838867187500000000, 0.000671386718750000, 0.000000000000000000,32900,45.50
Haskell,ack_ot_np_hs_41,-1,1.096252441406250000, 0.867370605468750000, 0.000915527343750000, 0.000000000000000000,32950,45.50
Haskell,ack_ot_np_hs_41,-1,1.098083496093750000, 0.868286132812500000, 0.001525878906250000, 0.000000000000000000,33000,45.50
Haskell,ack_ot_np_hs_41,-1,1.081298828125000000, 0.848510742187500000, 0.001037597656250000, 0.000000000000000000,33050,45.50
Haskell,ack_ot_np_hs_41,-1,1.092834472656250000, 0.875671386718750000, 0.004516601562500000, 0.000000000000000000,33100,45.50
Haskell,ack_ot_np_hs_41,-1,1.102478027343750000, 0.872253417968750000, 0.002136230468750000, 0.000000000000000000,33150,45.50
Haskell,ack_ot_np_hs_41,-1,1.086181640625000000, 0.859558105468750000, 0.001525878906250000, 0.000000000000000000,33200,45.50
Haskell,ack_ot_np_hs_41,-1,1.067504882812500000, 0.839111328125000000, 0.000854492187500000, 0.000000000000000000,33250,45.50
Haskell,ack_ot_np_hs_41,-1,1.073852539062500000, 0.849792480468750000, 0.001525878906250000, 0.000000000000000000,33300,45.50
Haskell,ack_ot_np_hs_41,-1,1.100524902343750000, 0.864013671875000000, 0.002136230468750000, 0.000000000000000000,33350,45.50
Haskell,ack_ot_np_hs_41,-1,1.105041503906250000, 0.871887207031250000, 0.002136230468750000, 0.000000000000000000,33400,45.50
Haskell,ack_ot_np_hs_41,-1,1.082580566406250000, 0.854187011718750000, 0.000793457031250000, 0.000000000000000000,33450,45.50
Haskell,ack_ot_np_hs_41,-1,1.062316894531250000, 0.835754394531250000, 0.001342773437500000, 0.000000000000000000,33500,45.50
Haskell,ack_ot_np_hs_41,-1,1.062194824218750000, 0.835266113281250000, 0.000732421875000000, 0.000000000000000000,33550,45.50
Haskell,ack_ot_np_hs_41,-1,1.096984863281250000, 0.866516113281250000, 0.002746582031250000, 0.000000000000000000,33600,45.50
Haskell,ack_ot_np_hs_41,-1,1.074829101562500000, 0.847290039062500000, 0.002380371093750000, 0.000000000000000000,33650,45.62
Haskell,ack_ot_np_hs_41,-1,1.102600097656250000, 0.872741699218750000, 0.002014160156250000, 0.000000000000000000,33700,45.75
Haskell,ack_ot_np_hs_41,-1,1.115600585937500000, 0.880187988281250000, 0.000549316406250000, 0.000000000000000000,33750,45.75
Haskell,ack_ot_np_hs_41,-1,1.095397949218750000, 0.861877441406250000, 0.000854492187500000, 0.000000000000000000,33800,45.75
Haskell,ack_ot_np_hs_41,-1,1.078308105468750000, 0.846801757812500000, 0.001159667968750000, 0.000000000000000000,33850,45.75
Haskell,ack_ot_np_hs_41,-1,1.063110351562500000, 0.839294433593750000, 0.000854492187500000, 0.000000000000000000,33900,45.75
Haskell,ack_ot_np_hs_41,-1,1.066772460937500000, 0.838134765625000000, 0.002014160156250000, 0.000000000000000000,33950,45.75
Haskell,ack_ot_np_hs_41,-1,1.065917968750000000, 0.832458496093750000, 0.001159667968750000, 0.000000000000000000,34000,45.75
Haskell,ack_ot_np_hs_41,-1,1.060913085937500000, 0.836364746093750000, 0.002014160156250000, 0.000000000000000000,34050,45.75
Haskell,ack_ot_np_hs_41,-1,1.079284667968750000, 0.846923828125000000, 0.002380371093750000, 0.000000000000000000,34100,45.75
Haskell,ack_ot_np_hs_41,-1,1.102661132812500000, 0.868774414062500000, 0.001770019531250000, 0.000000000000000000,34150,45.75
Haskell,ack_ot_np_hs_41,-1,1.069946289062500000, 0.842346191406250000, 0.001586914062500000, 0.000000000000000000,34200,45.75
Haskell,ack_ot_np_hs_41,-1,1.060791015625000000, 0.830749511718750000, 0.002197265625000000, 0.000000000000000000,34250,45.75
Haskell,ack_ot_np_hs_41,-1,1.090148925781250000, 0.853393554687500000, 0.001525878906250000, 0.000000000000000000,34300,45.75
Haskell,ack_ot_np_hs_41,-1,1.061035156250000000, 0.840148925781250000, 0.001098632812500000, 0.000000000000000000,34350,45.75
Haskell,ack_ot_np_hs_41,-1,1.067199707031250000, 0.840087890625000000, 0.002075195312500000, 0.000000000000000000,34400,45.75
Haskell,ack_ot_np_hs_41,-1,1.108154296875000000, 0.870544433593750000, 0.002319335937500000, 0.000000000000000000,34450,46.00
Haskell,ack_ot_np_hs_41,-1,1.084716796875000000, 0.854370117187500000, 0.001281738281250000, 0.000000000000000000,34500,46.00
Haskell,ack_ot_np_hs_41,-1,1.101257324218750000, 0.865783691406250000, 0.001892089843750000, 0.000000000000000000,34550,46.00
Haskell,ack_ot_np_hs_41,-1,1.077148437500000000, 0.845031738281250000, 0.000671386718750000, 0.000000000000000000,34600,46.00
Haskell,ack_ot_np_hs_41,-1,1.078308105468750000, 0.848876953125000000, 0.000915527343750000, 0.000000000000000000,34650,46.00
Haskell,ack_ot_np_hs_41,-1,1.021972656250000000, 0.822143554687500000, 0.001647949218750000, 0.000000000000000000,34700,46.00
Haskell,ack_ot_np_hs_41,-1,1.082031250000000000, 0.851623535156250000, 0.001953125000000000, 0.000000000000000000,34750,46.00
