Language,Program,Powercap,Package,Core,GPU,DRAM,Time,Temperature,Memory
Language,Program,Powercap,Package,Core,GPU,DRAM,Time,Temperature,Memory
C, myprogram, 1, 39.173095703125000000, 6.306884765625000000, 0.035278320312500000, 5.285888671875000000, 18397, 37.0, 1096
C, myprogram, 1, 41.060546875000000000, 6.259887695312500000, 0.046997070312500000, 5.278625488281250000, 18356.3, 37.0, 1096
C, myprogram, 1, 38.704650878906250000, 6.240234375000000000, 0.039184570312500000, 5.276306152343750000, 18403.1, 37.0, 1096
C, myprogram, 1, 38.648437500000000000, 6.278869628906250000, 0.039611816406250000, 5.287780761718750000, 18411, 36.8, 1096
C, myprogram, 1, 38.752685546875000000, 6.262390136718750000, 0.042114257812500000, 5.291687011718750000, 18424.1, 36.5, 1096
C, myprogram, 1, 38.371154785156250000, 6.230529785156250000, 0.038452148437500000, 5.257263183593750000, 18358.5, 36.5, 1096
C, myprogram, 1, 38.603210449218750000, 6.247375488281250000, 0.039123535156250000, 5.260803222656250000, 18366.5, 36.2, 1096
C, myprogram, 1, 38.632629394531250000, 6.243530273437500000, 0.041748046875000000, 5.282409667968750000, 18444.9, 36.5, 1096
C, myprogram, 1, 38.683959960937500000, 6.227844238281250000, 0.039978027343750000, 5.282897949218750000, 18426.2, 36.5, 1096
C, myprogram, 1, 38.372741699218750000, 6.228576660156250000, 0.037536621093750000, 5.257507324218750000, 18362.3, 36.2, 1096
Language,Program,Powercap,Package,Core,GPU,DRAM,Time,Temperature,Memory
C, myprogram, 2, 38.462341308593750000, 6.206359863281250000, 0.038879394531250000, 5.280395507812500000, 18430.1, 36.5, 1096
C, myprogram, 2, 38.647949218750000000, 6.249145507812500000, 0.038452148437500000, 5.273376464843750000, 18407.3, 36.5, 1096
C, myprogram, 2, 40.298400878906250000, 6.221069335937500000, 0.043823242187500000, 5.283020019531250000, 18404.7, 36.2, 1096
C, myprogram, 2, 38.493713378906250000, 6.225830078125000000, 0.041748046875000000, 5.283020019531250000, 18418.6, 36.2, 1096
C, myprogram, 2, 38.810058593750000000, 6.377990722656250000, 0.045227050781250000, 5.301391601562500000, 18439, 36.2, 1096
C, myprogram, 2, 38.658813476562500000, 6.258239746093750000, 0.042724609375000000, 5.278686523437500000, 18392.3, 36.2, 1096
C, myprogram, 2, 38.483886718750000000, 6.239868164062500000, 0.041442871093750000, 5.267089843750000000, 18362.4, 36.2, 1096
C, myprogram, 2, 38.463989257812500000, 6.222473144531250000, 0.038146972656250000, 5.261169433593750000, 18364.7, 36.0, 1096
C, myprogram, 2, 38.520507812500000000, 6.268310546875000000, 0.038146972656250000, 5.274841308593750000, 18376.7, 36.0, 1096
C, myprogram, 2, 38.873474121093750000, 6.429077148437500000, 0.071655273437500000, 5.305480957031250000, 18385.7, 36.2, 1096
Language,Program,Powercap,Package,Core,GPU,DRAM,Time,Temperature,Memory
C, myprogram, 3, 15.012878417968750000, 6.152099609375000000, 0.026428222656250000, 1.463623046875000000, 5055.13, 36.8, 1096
C, myprogram, 3, 15.028869628906250000, 6.157470703125000000, 0.025207519531250000, 1.461120605468750000, 5068.61, 37.0, 1096
C, myprogram, 3, 15.185241699218750000, 6.129333496093750000, 0.016357421875000000, 1.468139648437500000, 5115.85, 37.2, 1096
C, myprogram, 3, 15.306335449218750000, 6.172973632812500000, 0.027404785156250000, 1.487548828125000000, 5158.45, 37.0, 1096
C, myprogram, 3, 15.034362792968750000, 6.156982421875000000, 0.027282714843750000, 1.461853027343750000, 5066.02, 37.2, 1096
C, myprogram, 3, 14.982116699218750000, 6.139404296875000000, 0.012512207031250000, 1.447387695312500000, 5049.73, 37.2, 1096
C, myprogram, 3, 15.312194824218750000, 6.142639160156250000, 0.028015136718750000, 1.488952636718750000, 5159.19, 37.2, 1096
C, myprogram, 3, 15.285034179687500000, 6.169433593750000000, 0.029541015625000000, 1.487792968750000000, 5150.8, 37.2, 1096
C, myprogram, 3, 15.063720703125000000, 6.187866210937500000, 0.010925292968750000, 1.453735351562500000, 5077.27, 37.5, 1096
C, myprogram, 3, 15.166198730468750000, 6.207580566406250000, 0.027709960937500000, 1.483154296875000000, 5110.75, 37.2, 1096
Language,Program,Powercap,Package,Core,GPU,DRAM,Time,Temperature,Memory
C, myprogram, 4, 14.186889648437500000, 7.739990234375000000, 0.018981933593750000, 1.032104492187500000, 3571.58, 38.8, 1096
C, myprogram, 4, 14.080078125000000000, 7.826354980468750000, 0.028259277343750000, 1.029968261718750000, 3545.95, 38.5, 1096
C, myprogram, 4, 14.191589355468750000, 7.801513671875000000, 0.025695800781250000, 1.030883789062500000, 3571.06, 39.0, 1096
C, myprogram, 4, 14.103149414062500000, 7.824218750000000000, 0.035583496093750000, 1.028381347656250000, 3552, 39.2, 1096
C, myprogram, 4, 14.146911621093750000, 7.777526855468750000, 0.016784667968750000, 1.019897460937500000, 3560.04, 38.8, 1096
C, myprogram, 4, 14.091674804687500000, 7.828979492187500000, 0.021606445312500000, 1.026855468750000000, 3548.48, 39.0, 1096
C, myprogram, 4, 14.271667480468750000, 7.800720214843750000, 0.025390625000000000, 1.040222167968750000, 3592.88, 39.0, 1096
C, myprogram, 4, 14.128601074218750000, 7.837097167968750000, 0.025390625000000000, 1.028015136718750000, 3558.09, 39.2, 1096
C, myprogram, 4, 14.328796386718750000, 7.749633789062500000, 0.014953613281250000, 1.038635253906250000, 3606.85, 39.2, 1096
C, myprogram, 4, 14.221801757812500000, 7.766662597656250000, 0.020568847656250000, 1.034912109375000000, 3586.34, 39.2, 1096
Language,Program,Powercap,Package,Core,GPU,DRAM,Time,Temperature,Memory
C, myprogram, 5, 14.448791503906250000, 9.240722656250000000, 0.035583496093750000, 0.846252441406250000, 2908.04, 38.0, 1096
C, myprogram, 5, 14.513427734375000000, 9.212890625000000000, 0.036437988281250000, 0.847167968750000000, 2919.64, 38.0, 1096
C, myprogram, 5, 14.439697265625000000, 9.242065429687500000, 0.036926269531250000, 0.849853515625000000, 2904.35, 38.0, 1096
C, myprogram, 5, 14.544006347656250000, 9.222534179687500000, 0.016540527343750000, 0.853149414062500000, 2926.65, 38.0, 1096
C, myprogram, 5, 14.389831542968750000, 9.253356933593750000, 0.020446777343750000, 0.841674804687500000, 2894.92, 38.5, 1096
C, myprogram, 5, 14.729980468750000000, 9.316284179687500000, 0.020874023437500000, 0.862060546875000000, 2964.05, 38.0, 1096
C, myprogram, 5, 14.512939453125000000, 9.197387695312500000, 0.027526855468750000, 0.842468261718750000, 2920.46, 38.2, 1096
C, myprogram, 5, 14.599609375000000000, 9.198486328125000000, 0.031066894531250000, 0.852661132812500000, 2935.67, 38.5, 1096
C, myprogram, 5, 14.530395507812500000, 9.189208984375000000, 0.021423339843750000, 0.849853515625000000, 2934.97, 38.2, 1096
C, myprogram, 5, 14.485961914062500000, 9.213012695312500000, 0.021545410156250000, 0.847839355468750000, 2913.46, 38.5, 1096
Language,Program,Powercap,Package,Core,GPU,DRAM,Time,Temperature,Memory
C, myprogram, 6, 15.315612792968750000, 10.626953125000000000, 0.018310546875000000, 0.749267578125000000, 2566.9, 38.8, 1096
C, myprogram, 6, 15.217468261718750000, 10.655273437500000000, 0.018188476562500000, 0.738769531250000000, 2549.45, 38.8, 1096
C, myprogram, 6, 15.267517089843750000, 10.602600097656250000, 0.018127441406250000, 0.741394042968750000, 2559.22, 39.2, 1096
C, myprogram, 6, 15.295898437500000000, 10.720153808593750000, 0.020935058593750000, 0.753479003906250000, 2564.1, 39.0, 1096
C, myprogram, 6, 15.295593261718750000, 10.617431640625000000, 0.025085449218750000, 0.743164062500000000, 2563.32, 39.2, 1096
C, myprogram, 6, 15.317443847656250000, 10.625122070312500000, 0.035461425781250000, 0.744567871093750000, 2568.93, 39.2, 1096
C, myprogram, 6, 15.295471191406250000, 10.598571777343750000, 0.016967773437500000, 0.746459960937500000, 2581.41, 39.2, 1096
C, myprogram, 6, 15.322570800781250000, 10.693603515625000000, 0.033813476562500000, 0.752990722656250000, 2575.74, 39.8, 1096
C, myprogram, 6, 15.346679687500000000, 10.653564453125000000, 0.020629882812500000, 0.754760742187500000, 2571.06, 39.5, 1096
C, myprogram, 6, 15.370483398437500000, 10.658386230468750000, 0.017822265625000000, 0.749084472656250000, 2590.84, 40.0, 1096
Language,Program,Powercap,Package,Core,GPU,DRAM,Time,Temperature,Memory
C, myprogram, 7, 16.064208984375000000, 11.933593750000000000, 0.024841308593750000, 0.664001464843750000, 2307.64, 39.8, 1096
C, myprogram, 7, 16.007385253906250000, 11.885864257812500000, 0.023010253906250000, 0.671020507812500000, 2299.03, 39.8, 1096
C, myprogram, 7, 16.014953613281250000, 11.865966796875000000, 0.033142089843750000, 0.673034667968750000, 2306.5, 40.0, 1096
C, myprogram, 7, 16.084228515625000000, 11.851928710937500000, 0.018005371093750000, 0.669677734375000000, 2308.64, 39.8, 1096
C, myprogram, 7, 16.053588867187500000, 11.888427734375000000, 0.035156250000000000, 0.669128417968750000, 2303.7, 40.0, 1096
C, myprogram, 7, 16.096679687500000000, 11.827026367187500000, 0.017089843750000000, 0.676147460937500000, 2333.48, 39.8, 1096
C, myprogram, 7, 15.990173339843750000, 11.844970703125000000, 0.019775390625000000, 0.673400878906250000, 2321.13, 40.0, 1096
C, myprogram, 7, 16.072631835937500000, 11.828857421875000000, 0.024414062500000000, 0.678955078125000000, 2309.08, 40.0, 1096
C, myprogram, 7, 16.023925781250000000, 11.860046386718750000, 0.040649414062500000, 0.673339843750000000, 2312.03, 40.0, 1096
C, myprogram, 7, 16.020080566406250000, 11.870666503906250000, 0.026062011718750000, 0.665161132812500000, 2301.3, 40.0, 1096
Language,Program,Powercap,Package,Core,GPU,DRAM,Time,Temperature,Memory
C, myprogram, 8, 17.022460937500000000, 13.104675292968750000, 0.021728515625000000, 0.626892089843750000, 2138.98, 40.0, 1096
C, myprogram, 8, 16.884094238281250000, 13.027282714843750000, 0.044433593750000000, 0.622863769531250000, 2130.84, 40.0, 1096
C, myprogram, 8, 16.946228027343750000, 13.115600585937500000, 0.017333984375000000, 0.626770019531250000, 2129.44, 40.0, 1096
C, myprogram, 8, 17.039184570312500000, 13.205749511718750000, 0.019653320312500000, 0.623779296875000000, 2142.58, 40.0, 1096
C, myprogram, 8, 16.845947265625000000, 13.057189941406250000, 0.013061523437500000, 0.618225097656250000, 2116.7, 40.0, 1096
C, myprogram, 8, 16.886779785156250000, 13.027526855468750000, 0.037902832031250000, 0.621154785156250000, 2126.11, 40.0, 1096
C, myprogram, 8, 16.907043457031250000, 13.102355957031250000, 0.021911621093750000, 0.624694824218750000, 2125.92, 40.0, 1096
C, myprogram, 8, 17.063293457031250000, 13.046386718750000000, 0.021057128906250000, 0.625488281250000000, 2145.38, 40.0, 1096
C, myprogram, 8, 16.868896484375000000, 13.062744140625000000, 0.020019531250000000, 0.618774414062500000, 2121.29, 39.8, 1096
C, myprogram, 8, 16.878601074218750000, 13.080200195312500000, 0.020263671875000000, 0.618286132812500000, 2121.76, 40.0, 1096
Language,Program,Powercap,Package,Core,GPU,DRAM,Time,Temperature,Memory
C, myprogram, 9, 18.165588378906250000, 14.384826660156250000, 0.014282226562500000, 0.601501464843750000, 2059.16, 40.0, 1096
C, myprogram, 9, 18.084838867187500000, 14.358215332031250000, 0.022094726562500000, 0.595031738281250000, 2024.42, 40.0, 1096
C, myprogram, 9, 18.052001953125000000, 14.327270507812500000, 0.013732910156250000, 0.586242675781250000, 2023.13, 40.0, 1096
C, myprogram, 9, 18.082824707031250000, 14.404052734375000000, 0.017578125000000000, 0.595520019531250000, 2047.29, 40.0, 1096
C, myprogram, 9, 18.156127929687500000, 14.483459472656250000, 0.039489746093750000, 0.598876953125000000, 2033.81, 40.0, 1096
C, myprogram, 9, 18.121582031250000000, 14.326843261718750000, 0.034179687500000000, 0.598083496093750000, 2055.98, 40.0, 1096
C, myprogram, 9, 18.307922363281250000, 14.601318359375000000, 0.036193847656250000, 0.603210449218750000, 2045.01, 39.8, 1096
C, myprogram, 9, 18.161560058593750000, 14.390441894531250000, 0.035339355468750000, 0.595825195312500000, 2037.01, 40.0, 1096
C, myprogram, 9, 18.096557617187500000, 14.469177246093750000, 0.018920898437500000, 0.588500976562500000, 2022.53, 40.0, 1096
C, myprogram, 9, 18.200866699218750000, 14.460693359375000000, 0.020080566406250000, 0.597656250000000000, 2036.35, 40.0, 1096
Language,Program,Powercap,Package,Core,GPU,DRAM,Time,Temperature,Memory
C, myprogram, 10, 19.271484375000000000, 15.788940429687500000, 0.018188476562500000, 0.568115234375000000, 1941.82, 40.0, 1096
C, myprogram, 10, 19.248413085937500000, 15.739135742187500000, 0.035949707031250000, 0.569335937500000000, 1938.24, 40.0, 1096
C, myprogram, 10, 19.268981933593750000, 15.688232421875000000, 0.028198242187500000, 0.571289062500000000, 1947.4, 40.0, 1096
C, myprogram, 10, 19.262878417968750000, 15.735656738281250000, 0.016662597656250000, 0.572387695312500000, 1969.74, 40.0, 1096
C, myprogram, 10, 19.255493164062500000, 15.716552734375000000, 0.025451660156250000, 0.579223632812500000, 1966.7, 40.0, 1096
C, myprogram, 10, 19.245544433593750000, 15.759216308593750000, 0.020019531250000000, 0.569763183593750000, 1939.71, 40.0, 1096
C, myprogram, 10, 19.256042480468750000, 15.646850585937500000, 0.033142089843750000, 0.569519042968750000, 1948.21, 40.0, 1096
C, myprogram, 10, 19.253723144531250000, 15.640991210937500000, 0.027893066406250000, 0.565368652343750000, 1944.36, 40.0, 1096
C, myprogram, 10, 19.251403808593750000, 15.729309082031250000, 0.021545410156250000, 0.575561523437500000, 1969.27, 40.0, 1096
C, myprogram, 10, 19.241943359375000000, 15.757812500000000000, 0.020446777343750000, 0.570434570312500000, 1941.87, 40.0, 1096
Language,Program,Powercap,Package,Core,GPU,DRAM,Time,Temperature,Memory
C, myprogram, 11, 20.394042968750000000, 17.018066406250000000, 0.020446777343750000, 0.552551269531250000, 1871.92, 40.0, 1096
C, myprogram, 11, 20.371215820312500000, 17.008972167968750000, 0.018066406250000000, 0.550476074218750000, 1872.06, 40.0, 1096
C, myprogram, 11, 20.379455566406250000, 16.994567871093750000, 0.021850585937500000, 0.551818847656250000, 1872.43, 40.0, 1096
C, myprogram, 11, 20.394470214843750000, 16.986450195312500000, 0.022888183593750000, 0.555419921875000000, 1899.13, 40.0, 1096
C, myprogram, 11, 20.393798828125000000, 17.001586914062500000, 0.036987304687500000, 0.550537109375000000, 1875.04, 40.0, 1096
C, myprogram, 11, 20.389892578125000000, 17.019165039062500000, 0.020141601562500000, 0.551391601562500000, 1874.95, 40.0, 1096
C, myprogram, 11, 20.413574218750000000, 16.957641601562500000, 0.020446777343750000, 0.549987792968750000, 1878.97, 40.0, 1096
C, myprogram, 11, 20.435668945312500000, 16.924133300781250000, 0.022583007812500000, 0.560668945312500000, 1905.81, 40.0, 1096
C, myprogram, 11, 20.484008789062500000, 16.917236328125000000, 0.030761718750000000, 0.556152343750000000, 1886.69, 40.0, 1096
C, myprogram, 11, 20.371337890625000000, 16.949096679687500000, 0.020690917968750000, 0.558288574218750000, 1899.15, 40.0, 1096
Language,Program,Powercap,Package,Core,GPU,DRAM,Time,Temperature,Memory
C, myprogram, 12, 21.544250488281250000, 18.262817382812500000, 0.020202636718750000, 0.539184570312500000, 1823.86, 40.0, 1096
C, myprogram, 12, 21.495117187500000000, 18.237182617187500000, 0.017272949218750000, 0.530090332031250000, 1817.31, 40.0, 1096
C, myprogram, 12, 21.528625488281250000, 18.151611328125000000, 0.020141601562500000, 0.539978027343750000, 1826.35, 40.0, 1096
C, myprogram, 12, 21.535278320312500000, 18.142761230468750000, 0.028259277343750000, 0.531127929687500000, 1824.75, 40.0, 1096
C, myprogram, 12, 21.554626464843750000, 18.155090332031250000, 0.021545410156250000, 0.543334960937500000, 1847.56, 40.0, 1096
C, myprogram, 12, 21.473510742187500000, 18.059204101562500000, 0.031127929687500000, 0.539916992187500000, 1825.96, 40.0, 1096
C, myprogram, 12, 21.455688476562500000, 18.051879882812500000, 0.019958496093750000, 0.539733886718750000, 1826.5, 40.0, 1096
C, myprogram, 12, 21.466491699218750000, 18.074829101562500000, 0.022399902343750000, 0.543212890625000000, 1847.99, 40.0, 1096
C, myprogram, 12, 21.673217773437500000, 18.373535156250000000, 0.026367187500000000, 0.532836914062500000, 1831.2, 40.0, 1096
C, myprogram, 12, 21.493652343750000000, 18.219970703125000000, 0.021484375000000000, 0.532104492187500000, 1817.91, 40.0, 1096
Language,Program,Powercap,Package,Core,GPU,DRAM,Time,Temperature,Memory
C, myprogram, 13, 22.398071289062500000, 19.211914062500000000, 0.020629882812500000, 0.520935058593750000, 1777.1, 40.0, 1096
C, myprogram, 13, 22.747375488281250000, 19.406555175781250000, 0.021423339843750000, 0.535278320312500000, 1806.14, 40.0, 1096
C, myprogram, 13, 22.344360351562500000, 19.095703125000000000, 0.022277832031250000, 0.530212402343750000, 1807.8, 40.0, 1096
C, myprogram, 13, 22.280395507812500000, 19.072021484375000000, 0.017028808593750000, 0.525695800781250000, 1789.38, 40.0, 1096
C, myprogram, 13, 22.503784179687500000, 19.243164062500000000, 0.018066406250000000, 0.526062011718750000, 1806.28, 40.0, 1096
C, myprogram, 13, 22.316833496093750000, 18.981262207031250000, 0.017517089843750000, 0.527038574218750000, 1808.92, 40.0, 1096
C, myprogram, 13, 21.964538574218750000, 18.741516113281250000, 0.031860351562500000, 0.521118164062500000, 1790.72, 40.0, 1096
C, myprogram, 13, 22.341125488281250000, 19.156555175781250000, 0.021606445312500000, 0.523620605468750000, 1779.47, 40.0, 1096
C, myprogram, 13, 22.402526855468750000, 19.163391113281250000, 0.020080566406250000, 0.525024414062500000, 1780.49, 40.0, 1096
C, myprogram, 13, 22.467346191406250000, 19.089904785156250000, 0.015808105468750000, 0.520996093750000000, 1787.59, 40.0, 1096
Language,Program,Powercap,Package,Core,GPU,DRAM,Time,Temperature,Memory
C, myprogram, 14, 22.506469726562500000, 19.288879394531250000, 0.020629882812500000, 0.527160644531250000, 1796.49, 40.0, 1096
C, myprogram, 14, 22.464294433593750000, 19.255676269531250000, 0.033203125000000000, 0.520690917968750000, 1778.92, 40.0, 1096
C, myprogram, 14, 22.149780273437500000, 18.893249511718750000, 0.028686523437500000, 0.521972656250000000, 1789.88, 40.0, 1096
C, myprogram, 14, 22.316223144531250000, 19.088867187500000000, 0.022033691406250000, 0.524353027343750000, 1782.22, 40.0, 1096
C, myprogram, 14, 22.253479003906250000, 19.013183593750000000, 0.021118164062500000, 0.525573730468750000, 1783.32, 40.0, 1096
C, myprogram, 14, 22.481384277343750000, 19.168273925781250000, 0.015869140625000000, 0.518493652343750000, 1771.56, 40.0, 1096
C, myprogram, 14, 22.586364746093750000, 19.163269042968750000, 0.030151367187500000, 0.529357910156250000, 1803.16, 40.0, 1096
C, myprogram, 14, 22.319763183593750000, 19.078796386718750000, 0.020812988281250000, 0.527404785156250000, 1799.59, 40.0, 1096
C, myprogram, 14, 22.342651367187500000, 19.059448242187500000, 0.028625488281250000, 0.528808593750000000, 1804.82, 40.0, 1096
C, myprogram, 14, 22.579162597656250000, 19.365600585937500000, 0.037475585937500000, 0.525878906250000000, 1777.27, 40.0, 1096
Language,Program,Powercap,Package,Core,GPU,DRAM,Time,Temperature,Memory
C, myprogram, 15, 22.297729492187500000, 19.074829101562500000, 0.036865234375000000, 0.524169921875000000, 1778.65, 40.0, 1096
C, myprogram, 15, 22.564880371093750000, 19.260742187500000000, 0.020629882812500000, 0.522155761718750000, 1771.51, 40.0, 1096
C, myprogram, 15, 22.032958984375000000, 18.808776855468750000, 0.036499023437500000, 0.520141601562500000, 1787.69, 40.0, 1096
C, myprogram, 15, 22.336181640625000000, 19.060485839843750000, 0.018981933593750000, 0.526733398437500000, 1806.13, 40.0, 1096
C, myprogram, 15, 22.295776367187500000, 19.010314941406250000, 0.017761230468750000, 0.520935058593750000, 1782.85, 40.0, 1096
C, myprogram, 15, 22.256103515625000000, 18.935302734375000000, 0.027893066406250000, 0.523559570312500000, 1791.06, 40.0, 1096
C, myprogram, 15, 22.312377929687500000, 19.066467285156250000, 0.043273925781250000, 0.529602050781250000, 1789.94, 40.0, 1096
C, myprogram, 15, 22.231567382812500000, 19.002136230468750000, 0.023986816406250000, 0.521789550781250000, 1788.66, 40.0, 1096
C, myprogram, 15, 22.422119140625000000, 18.988037109375000000, 0.017028808593750000, 0.528198242187500000, 1812.68, 40.0, 1096
C, myprogram, 15, 22.604614257812500000, 19.379150390625000000, 0.028747558593750000, 0.515747070312500000, 1772.31, 40.0, 1096
Language,Program,Powercap,Package,Core,GPU,DRAM,Time,Temperature,Memory
C, myprogram, 16, 22.243957519531250000, 19.023559570312500000, 0.021484375000000000, 0.526184082031250000, 1789.28, 40.0, 1096
C, myprogram, 16, 22.751586914062500000, 19.096862792968750000, 0.020263671875000000, 0.525268554687500000, 1802.24, 40.0, 1096
C, myprogram, 16, 22.375915527343750000, 19.140319824218750000, 0.040405273437500000, 0.525878906250000000, 1778.77, 40.0, 1096
C, myprogram, 16, 22.382934570312500000, 19.182739257812500000, 0.027465820312500000, 0.514892578125000000, 1774.67, 40.0, 1096
C, myprogram, 16, 22.084228515625000000, 18.804931640625000000, 0.022277832031250000, 0.536010742187500000, 1812.52, 40.0, 1096
C, myprogram, 16, 22.535705566406250000, 19.299865722656250000, 0.030212402343750000, 0.519775390625000000, 1784.15, 40.0, 1096
C, myprogram, 16, 22.315551757812500000, 18.980957031250000000, 0.029907226562500000, 0.523193359375000000, 1787.27, 40.0, 1096
C, myprogram, 16, 22.432739257812500000, 19.182739257812500000, 0.022521972656250000, 0.529052734375000000, 1792.72, 40.0, 1096
C, myprogram, 16, 22.248718261718750000, 19.006591796875000000, 0.018432617187500000, 0.528747558593750000, 1801.36, 40.0, 1096
C, myprogram, 16, 22.109741210937500000, 18.872863769531250000, 0.037109375000000000, 0.526794433593750000, 1789.48, 40.0, 1096
Language,Program,Powercap,Package,Core,GPU,DRAM,Time,Temperature,Memory
C, myprogram, 17, 22.241638183593750000, 19.028320312500000000, 0.018615722656250000, 0.520263671875000000, 1780.35, 40.0, 1096
C, myprogram, 17, 22.581787109375000000, 19.410461425781250000, 0.018737792968750000, 0.515441894531250000, 1765.37, 40.0, 1096
C, myprogram, 17, 22.455749511718750000, 19.156860351562500000, 0.021240234375000000, 0.527038574218750000, 1789.76, 40.0, 1096
C, myprogram, 17, 22.175109863281250000, 18.958312988281250000, 0.021484375000000000, 0.526672363281250000, 1789.74, 40.0, 1096
C, myprogram, 17, 22.193664550781250000, 18.924987792968750000, 0.041931152343750000, 0.526306152343750000, 1785.92, 40.0, 1096
C, myprogram, 17, 22.131896972656250000, 18.909545898437500000, 0.017944335937500000, 0.524597167968750000, 1785.15, 40.0, 1096
C, myprogram, 17, 22.176208496093750000, 18.942504882812500000, 0.029174804687500000, 0.520263671875000000, 1788.69, 40.0, 1096
C, myprogram, 17, 22.517395019531250000, 19.324645996093750000, 0.021484375000000000, 0.521301269531250000, 1769.36, 40.0, 1096
C, myprogram, 17, 22.451477050781250000, 19.216186523437500000, 0.036926269531250000, 0.523071289062500000, 1776.46, 40.0, 1096
C, myprogram, 17, 22.357238769531250000, 19.146057128906250000, 0.041442871093750000, 0.518066406250000000, 1774.68, 40.0, 1096
Language,Program,Powercap,Package,Core,GPU,DRAM,Time,Temperature,Memory
C, myprogram, 18, 22.623046875000000000, 19.348815917968750000, 0.036376953125000000, 0.530822753906250000, 1804.23, 40.0, 1096
C, myprogram, 18, 22.124938964843750000, 18.858215332031250000, 0.028564453125000000, 0.525146484375000000, 1802.61, 39.8, 1096
C, myprogram, 18, 22.027587890625000000, 18.802185058593750000, 0.034790039062500000, 0.523864746093750000, 1785.26, 40.0, 1096
C, myprogram, 18, 22.533752441406250000, 19.202819824218750000, 0.040039062500000000, 0.526794433593750000, 1789.96, 40.0, 1096
C, myprogram, 18, 22.390136718750000000, 19.170898437500000000, 0.034240722656250000, 0.522277832031250000, 1772.94, 40.0, 1096
C, myprogram, 18, 22.547180175781250000, 19.328857421875000000, 0.033081054687500000, 0.520629882812500000, 1789.07, 40.0, 1096
C, myprogram, 18, 22.442260742187500000, 19.206420898437500000, 0.038635253906250000, 0.529113769531250000, 1782.76, 40.0, 1096
C, myprogram, 18, 22.407958984375000000, 19.201904296875000000, 0.036437988281250000, 0.525939941406250000, 1777.23, 40.0, 1096
C, myprogram, 18, 22.104431152343750000, 18.829711914062500000, 0.038513183593750000, 0.530700683593750000, 1802.02, 40.0, 1096
C, myprogram, 18, 22.469604492187500000, 19.238281250000000000, 0.042663574218750000, 0.529907226562500000, 1783.31, 40.0, 1096
Language,Program,Powercap,Package,Core,GPU,DRAM,Time,Temperature,Memory
C, myprogram, 19, 22.116394042968750000, 18.883422851562500000, 0.021728515625000000, 0.524414062500000000, 1792.84, 40.0, 1096
C, myprogram, 19, 22.558044433593750000, 19.318359375000000000, 0.022399902343750000, 0.527160644531250000, 1798.86, 40.0, 1096
C, myprogram, 19, 22.344482421875000000, 18.998352050781250000, 0.020935058593750000, 0.534057617187500000, 1804.75, 40.0, 1096
C, myprogram, 19, 22.319396972656250000, 19.108093261718750000, 0.031982421875000000, 0.528259277343750000, 1782.14, 40.0, 1096
C, myprogram, 19, 22.259704589843750000, 19.032775878906250000, 0.023010253906250000, 0.527404785156250000, 1792.28, 40.0, 1096
C, myprogram, 19, 22.506347656250000000, 19.261718750000000000, 0.031677246093750000, 0.523803710937500000, 1789.27, 40.0, 1096
C, myprogram, 19, 22.410766601562500000, 19.173400878906250000, 0.022338867187500000, 0.524108886718750000, 1780.13, 40.0, 1096
C, myprogram, 19, 22.499816894531250000, 19.265014648437500000, 0.028747558593750000, 0.524230957031250000, 1790.52, 40.0, 1096
C, myprogram, 19, 22.529785156250000000, 19.349060058593750000, 0.030273437500000000, 0.513916015625000000, 1769.76, 40.0, 1096
C, myprogram, 19, 22.656066894531250000, 19.420959472656250000, 0.037719726562500000, 0.528198242187500000, 1785.75, 40.0, 1096
Language,Program,Powercap,Package,Core,GPU,DRAM,Time,Temperature,Memory
C, myprogram, 20, 22.101013183593750000, 18.864746093750000000, 0.020446777343750000, 0.530700683593750000, 1790.34, 40.0, 1096
C, myprogram, 20, 22.589599609375000000, 19.392272949218750000, 0.042175292968750000, 0.519897460937500000, 1765.15, 40.0, 1096
C, myprogram, 20, 22.452270507812500000, 19.141235351562500000, 0.021423339843750000, 0.525878906250000000, 1795.83, 40.0, 1096
C, myprogram, 20, 22.129516601562500000, 18.858825683593750000, 0.034118652343750000, 0.526855468750000000, 1794.08, 40.0, 1096
C, myprogram, 20, 22.145141601562500000, 18.830810546875000000, 0.033935546875000000, 0.529907226562500000, 1790.87, 40.0, 1096
C, myprogram, 20, 22.532409667968750000, 19.338684082031250000, 0.033386230468750000, 0.518920898437500000, 1771.02, 40.0, 1096
C, myprogram, 20, 22.507568359375000000, 19.300659179687500000, 0.034790039062500000, 0.526550292968750000, 1773.31, 40.0, 1096
C, myprogram, 20, 22.536621093750000000, 19.345825195312500000, 0.022766113281250000, 0.523010253906250000, 1775.92, 40.0, 1096
C, myprogram, 20, 22.407165527343750000, 19.166015625000000000, 0.019226074218750000, 0.528442382812500000, 1801.16, 40.0, 1096
C, myprogram, 20, 22.460144042968750000, 19.175598144531250000, 0.022216796875000000, 0.527343750000000000, 1782.25, 40.0, 1096
Language,Program,Powercap,Package,Core,GPU,DRAM,Time,Temperature,Memory
C, myprogram, 21, 22.260009765625000000, 19.008117675781250000, 0.036254882812500000, 0.527709960937500000, 1795, 40.0, 1096
C, myprogram, 21, 22.311218261718750000, 19.039184570312500000, 0.040588378906250000, 0.527526855468750000, 1793.06, 40.0, 1096
C, myprogram, 21, 22.209411621093750000, 18.919006347656250000, 0.037414550781250000, 0.531555175781250000, 1804.38, 40.0, 1096
C, myprogram, 21, 22.503051757812500000, 19.231445312500000000, 0.031127929687500000, 0.525085449218750000, 1804.75, 40.0, 1096
C, myprogram, 21, 22.223449707031250000, 18.970275878906250000, 0.028930664062500000, 0.521057128906250000, 1791.56, 40.0, 1096
C, myprogram, 21, 22.595397949218750000, 19.231262207031250000, 0.019592285156250000, 0.529602050781250000, 1801.47, 40.0, 1096
C, myprogram, 21, 22.263122558593750000, 19.034484863281250000, 0.029907226562500000, 0.520690917968750000, 1788.59, 40.0, 1096
C, myprogram, 21, 22.561950683593750000, 19.221374511718750000, 0.033508300781250000, 0.528320312500000000, 1793.63, 40.0, 1096
C, myprogram, 21, 22.217102050781250000, 18.974853515625000000, 0.020324707031250000, 0.523925781250000000, 1789.54, 40.0, 1096
C, myprogram, 21, 22.675476074218750000, 19.336425781250000000, 0.020202636718750000, 0.528442382812500000, 1810.03, 40.0, 1096
Language,Program,Powercap,Package,Core,GPU,DRAM,Time,Temperature,Memory
C, myprogram, 22, 22.431274414062500000, 19.220336914062500000, 0.028869628906250000, 0.518127441406250000, 1780.92, 40.0, 1096
C, myprogram, 22, 22.342956542968750000, 19.093017578125000000, 0.036376953125000000, 0.523193359375000000, 1794.69, 40.0, 1096
C, myprogram, 22, 22.625061035156250000, 19.381408691406250000, 0.021362304687500000, 0.528686523437500000, 1795.07, 40.0, 1096
C, myprogram, 22, 22.447082519531250000, 19.226135253906250000, 0.021789550781250000, 0.523315429687500000, 1775.29, 40.0, 1096
C, myprogram, 22, 22.601257324218750000, 19.295654296875000000, 0.019714355468750000, 0.524230957031250000, 1798.82, 40.0, 1096
C, myprogram, 22, 22.549987792968750000, 19.197326660156250000, 0.027709960937500000, 0.524597167968750000, 1786.41, 40.0, 1096
C, myprogram, 22, 22.182556152343750000, 18.922668457031250000, 0.022155761718750000, 0.542114257812500000, 1806.42, 40.0, 1096
C, myprogram, 22, 22.445922851562500000, 19.225219726562500000, 0.033386230468750000, 0.521484375000000000, 1779.6, 40.0, 1096
C, myprogram, 22, 22.577148437500000000, 19.369567871093750000, 0.021301269531250000, 0.521545410156250000, 1780.52, 40.0, 1096
C, myprogram, 22, 22.483276367187500000, 19.305541992187500000, 0.018493652343750000, 0.518005371093750000, 1773.62, 40.0, 1096
Language,Program,Powercap,Package,Core,GPU,DRAM,Time,Temperature,Memory
C, myprogram, 23, 22.042785644531250000, 18.795410156250000000, 0.022277832031250000, 0.532653808593750000, 1794.1, 40.0, 1096
C, myprogram, 23, 22.283996582031250000, 18.962707519531250000, 0.020507812500000000, 0.532104492187500000, 1791, 40.0, 1096
C, myprogram, 23, 22.435302734375000000, 19.186218261718750000, 0.030334472656250000, 0.522644042968750000, 1792.43, 40.0, 1096
C, myprogram, 23, 22.168518066406250000, 18.955322265625000000, 0.018310546875000000, 0.520874023437500000, 1784.26, 40.0, 1096
C, myprogram, 23, 22.089172363281250000, 18.856567382812500000, 0.037902832031250000, 0.525085449218750000, 1784.14, 40.0, 1096
C, myprogram, 23, 22.493530273437500000, 19.274414062500000000, 0.031982421875000000, 0.519226074218750000, 1783.91, 40.0, 1096
C, myprogram, 23, 22.546264648437500000, 19.312500000000000000, 0.021484375000000000, 0.525329589843750000, 1793.76, 40.0, 1096
C, myprogram, 23, 22.684082031250000000, 19.363098144531250000, 0.033508300781250000, 0.521667480468750000, 1776.42, 40.0, 1096
C, myprogram, 23, 22.309265136718750000, 19.108032226562500000, 0.021423339843750000, 0.526062011718750000, 1778.73, 40.0, 1096
C, myprogram, 23, 22.242004394531250000, 18.986755371093750000, 0.035339355468750000, 0.525756835937500000, 1786.99, 40.0, 1096
Language,Program,Powercap,Package,Core,GPU,DRAM,Time,Temperature,Memory
C, myprogram, 24, 22.135314941406250000, 18.894226074218750000, 0.017028808593750000, 0.522338867187500000, 1794.83, 40.0, 1096
C, myprogram, 24, 22.384582519531250000, 19.094055175781250000, 0.021545410156250000, 0.525756835937500000, 1788.76, 40.0, 1096
C, myprogram, 24, 22.375976562500000000, 19.118835449218750000, 0.020629882812500000, 0.524353027343750000, 1782.92, 40.0, 1096
C, myprogram, 24, 22.494750976562500000, 19.234252929687500000, 0.034729003906250000, 0.526916503906250000, 1789.04, 40.0, 1096
C, myprogram, 24, 22.742675781250000000, 19.464782714843750000, 0.022949218750000000, 0.532897949218750000, 1810.59, 40.0, 1096
C, myprogram, 24, 22.335449218750000000, 19.091430664062500000, 0.037109375000000000, 0.528381347656250000, 1790.58, 40.0, 1096
C, myprogram, 24, 22.496093750000000000, 19.132690429687500000, 0.021362304687500000, 0.530761718750000000, 1807.07, 40.0, 1096
C, myprogram, 24, 22.397216796875000000, 19.179687500000000000, 0.023010253906250000, 0.525207519531250000, 1791.55, 40.0, 1096
C, myprogram, 24, 22.458374023437500000, 19.179687500000000000, 0.022827148437500000, 0.522399902343750000, 1783.25, 40.0, 1096
C, myprogram, 24, 22.135070800781250000, 18.905090332031250000, 0.026245117187500000, 0.520141601562500000, 1792.61, 40.0, 1096
Language,Program,Powercap,Package,Core,GPU,DRAM,Time,Temperature,Memory
C, myprogram, 25, 22.376953125000000000, 19.125122070312500000, 0.036987304687500000, 0.528808593750000000, 1795.6, 40.0, 1096
C, myprogram, 25, 22.118713378906250000, 18.879211425781250000, 0.027893066406250000, 0.522094726562500000, 1798.65, 40.0, 1096
C, myprogram, 25, 22.302368164062500000, 19.068969726562500000, 0.037231445312500000, 0.530761718750000000, 1785.59, 40.0, 1096
C, myprogram, 25, 22.551574707031250000, 19.368408203125000000, 0.020080566406250000, 0.518615722656250000, 1769.99, 40.0, 1096
C, myprogram, 25, 22.294189453125000000, 19.084655761718750000, 0.017211914062500000, 0.523742675781250000, 1801.08, 40.0, 1096
C, myprogram, 25, 22.549560546875000000, 19.343139648437500000, 0.037658691406250000, 0.525329589843750000, 1773.43, 40.0, 1096
C, myprogram, 25, 22.265380859375000000, 19.035461425781250000, 0.021606445312500000, 0.526123046875000000, 1784.36, 40.0, 1096
C, myprogram, 25, 22.531066894531250000, 19.205749511718750000, 0.022094726562500000, 0.530883789062500000, 1788.91, 40.0, 1096
C, myprogram, 25, 22.590454101562500000, 19.338012695312500000, 0.020568847656250000, 0.532653808593750000, 1789.31, 40.0, 1096
C, myprogram, 25, 22.250488281250000000, 19.003356933593750000, 0.032043457031250000, 0.531555175781250000, 1784.55, 40.0, 1096
